WIC Job Location Snapshot ID,First Posting Date,_noc21_clean,Job Title,NOC21 Code Name,Province/Territory,City,Economic  Region,Salary Minimum,Salary Maximum,Salary Per,_salary_per_corrected,salary_min_annual,salary_max_annual,salary_avg_annual,Education LOS,Experience Level,Hours Minimum,Hours Maximum,Hours Per,_source_month
15481290,2026/04/16,21222,information technology (IT) analyst,Information systems specialists,Ontario,Tillsonburg,London Region,30.0,30.0,Hour,Hour,62400.0,62400.0,62400.0,,,,,,apr2026
15387070,2026/04/08,21221,"business analyst, informatics",Business systems specialists,Ontario,Ottawa,Ottawa Region,85980.0,101190.0,Year,Year,85980.0,101190.0,93585.0,,,,,,apr2026
15380624,2026/04/01,21222,information technology (IT) analyst,Information systems specialists,Ontario,Guelph,Kitchener–Waterloo–Barrie Region,61194.0,68842.0,Year,Year,61194.0,68842.0,65018.0,,,,,,apr2026
15492569,2026/04/20,21222,information technology (IT) analyst,Information systems specialists,Ontario,Guelph,Kitchener–Waterloo–Barrie Region,30.0,30.0,Hour,Hour,62400.0,62400.0,62400.0,,,,,,apr2026
15380664,2026/04/01,21222,information technology (IT) analyst,Information systems specialists,Ontario,Mississauga,Toronto Region,20.0,20.0,Hour,Hour,41600.0,41600.0,41600.0,,,,,,apr2026
15377015,2026/04/04,21221,business systems analyst,Business systems specialists,Ontario,Toronto,Toronto Region,30.67,62.5,Hour,Hour,63793.600000000006,130000.0,96896.8,,,,,,apr2026
15378427,2026/04/06,21221,business systems analyst,Business systems specialists,Ontario,Toronto,Toronto Region,30.67,62.5,Hour,Hour,63793.600000000006,130000.0,96896.8,,,,,,apr2026
15387432,2026/04/09,21221,business systems analyst,Business systems specialists,Ontario,Toronto,Toronto Region,30.67,62.5,Hour,Hour,63793.600000000006,130000.0,96896.8,,,,,,apr2026
15385591,2026/04/08,21222,"analyst, systems",Information systems specialists,Ontario,Toronto,Toronto Region,28.85,68.68,Hour,Hour,60008.0,142854.40000000002,101431.20000000001,,,,,,apr2026
15430663,2026/04/09,21211,data engineer,Data scientists,Ontario,Toronto,Toronto Region,86.0,86.0,Hour,Hour,178880.0,178880.0,178880.0,,,,,,apr2026
15430591,2026/04/10,21222,information technology (IT) analyst,Information systems specialists,Ontario,Toronto,Toronto Region,77300.0,77300.0,Year,Year,77300.0,77300.0,77300.0,,,,,,apr2026
15508416,2026/04/30,21221,business systems analyst,Business systems specialists,Ontario,Toronto,Toronto Region,30.67,62.5,Hour,Hour,63793.600000000006,130000.0,96896.8,,,,,,apr2026
15429427,2026/04/11,21222,management information systems (MIS) consultant,Information systems specialists,Ontario,Toronto,Toronto Region,28.85,68.68,Hour,Hour,60008.0,142854.40000000002,101431.20000000001,,,,,,apr2026
15457161,2026/04/14,21221,business process analyst,Business systems specialists,Ontario,Toronto,Toronto Region,90000.0,110000.0,Year,Year,90000.0,110000.0,100000.0,Bachelor's degree,3 years to less than 5 years,40.0,40.0,Week,apr2026
15481067,2026/04/20,21211,data engineer,Data scientists,Ontario,Toronto,Toronto Region,10000.0,10000.0,Month,Month,120000.0,120000.0,120000.0,,,,,,apr2026
15481137,2026/04/16,21222,information technology (IT) analyst,Information systems specialists,Ontario,Toronto,Toronto Region,75.0,75.0,Hour,Hour,156000.0,156000.0,156000.0,,,,,,apr2026
15476058,2026/04/18,21223,"analyst, electronic data processing (EDP) systems",Database analysts and data administrators,Ontario,Toronto,Toronto Region,25.0,61.03,Hour,Hour,52000.0,126942.40000000001,89471.20000000001,,,,,,apr2026
15468977,2026/04/14,21222,information technology (IT) analyst,Information systems specialists,Ontario,Toronto,Toronto Region,65000.0,65000.0,Year,Year,65000.0,65000.0,65000.0,,,,,,apr2026
15454323,2026/04/14,21222,information systems quality assurance (QA) analyst,Information systems specialists,Ontario,Toronto,Toronto Region,45.0,60.0,Hour,Hour,93600.0,124800.0,109200.0,Bachelor's degree,5 years or more,65.0,80.0,Bi-weekly,apr2026
15480744,2026/04/20,21211,quantitative analyst,Data scientists,Ontario,Toronto,Toronto Region,25.0,25.0,Hour,Hour,52000.0,52000.0,52000.0,,,,,,apr2026
15480328,2026/04/20,21221,IT (information technology) business analyst,Business systems specialists,Ontario,Toronto,Toronto Region,30.67,62.5,Hour,Hour,63793.600000000006,130000.0,96896.8,,,,,,apr2026
15429852,2026/04/12,21223,database analyst,Database analysts and data administrators,Ontario,Toronto,Toronto Region,25.0,61.03,Hour,Hour,52000.0,126942.40000000001,89471.20000000001,,,,,,apr2026
15429819,2026/04/12,21221,business systems analyst,Business systems specialists,Ontario,Toronto,Toronto Region,30.67,62.5,Hour,Hour,63793.600000000006,130000.0,96896.8,,,,,,apr2026
15480940,2026/04/16,21211,data engineer,Data scientists,Ontario,Toronto,Toronto Region,86.0,86.0,Hour,Hour,178880.0,178880.0,178880.0,,,,,,apr2026
15480807,2026/04/16,21222,information technology (IT) analyst,Information systems specialists,Ontario,Toronto,Toronto Region,40.0,40.0,Hour,Hour,83200.0,83200.0,83200.0,,,,,,apr2026
15468843,2026/04/15,21222,information technology (IT) analyst,Information systems specialists,Ontario,Toronto,Toronto Region,25.0,25.0,Hour,Hour,52000.0,52000.0,52000.0,,,,,,apr2026
15476525,2026/04/19,21222,systems analyst,Information systems specialists,Ontario,Toronto,Toronto Region,28.85,68.68,Hour,Hour,60008.0,142854.40000000002,101431.20000000001,,,,,,apr2026
15480338,2026/04/21,21211,artificial intelligence (AI) consultant,Data scientists,Ontario,Toronto,Toronto Region,30.0,69.74,Hour,Hour,62400.0,145059.19999999998,103729.59999999999,,,,,,apr2026
15484812,2026/04/22,21222,solutions architect - information technology (IT),Information systems specialists,Ontario,Toronto,Toronto Region,28.85,68.68,Hour,Hour,60008.0,142854.40000000002,101431.20000000001,,,,,,apr2026
15492417,2026/04/23,21222,information technology (IT) analyst,Information systems specialists,Ontario,Toronto,Toronto Region,40.0,40.0,Hour,Hour,83200.0,83200.0,83200.0,,,,,,apr2026
15508894,2026/04/29,21222,information technology (IT) analyst,Information systems specialists,Ontario,Toronto,Toronto Region,45.0,45.0,Hour,Hour,93600.0,93600.0,93600.0,,,,,,apr2026
15497159,2026/04/27,21221,business systems analyst,Business systems specialists,Ontario,Toronto,Toronto Region,30.67,62.5,Hour,Hour,63793.600000000006,130000.0,96896.8,,,,,,apr2026
15504824,2026/04/29,21222,"analyst, systems",Information systems specialists,Ontario,Toronto,Toronto Region,28.85,68.68,Hour,Hour,60008.0,142854.40000000002,101431.20000000001,,,,,,apr2026
15508745,2026/04/28,21222,information technology (IT) analyst,Information systems specialists,Ontario,Toronto,Toronto Region,70.0,70.0,Hour,Hour,145600.0,145600.0,145600.0,,,,,,apr2026
15374254,2026/04/02,21223,data warehouse analyst,Database analysts and data administrators,Ontario,Concord,Toronto Region,70000.0,81000.0,Year,Year,70000.0,81000.0,75500.0,Bachelor's degree,3 years to less than 5 years,30.0,35.0,Week,apr2026
15384199,2026/04/07,21223,data administrator,Database analysts and data administrators,Ontario,Etobicoke,Toronto Region,20.0,20.0,Hour,Hour,41600.0,41600.0,41600.0,,,,,,apr2026
15497437,2026/04/24,21222,information technology (IT) analyst,Information systems specialists,Ontario,London,London Region,45000.0,65000.0,Year,Year,45000.0,65000.0,55000.0,,,,,,apr2026
15397188,2026/04/09,21222,information technology (IT) analyst,Information systems specialists,Ontario,Vaughan,Toronto Region,75000.0,75000.0,Year,Year,75000.0,75000.0,75000.0,,,,,,apr2026
15490296,2026/04/23,21211,big data analyst,Data scientists,Ontario,Sault Ste. Marie,Northeast Region,20.34,26.0,Hour,Hour,42307.2,54080.0,48193.6,,,,,,apr2026
15481246,2026/04/20,21222,information technology (IT) analyst,Information systems specialists,Ontario,Greater Sudbury,Northeast Region,75000.0,110000.0,Year,Year,75000.0,110000.0,92500.0,,,,,,apr2026
15441595,2026/04/10,21223,data analyst - informatics and systems,Database analysts and data administrators,Ontario,Markham,Toronto Region,36.02,36.02,Hour,Hour,74921.6,74921.6,74921.6,,,,,,apr2026
15485067,2026/04/21,21222,informatics consultant,Information systems specialists,Ontario,Markham,Toronto Region,123106.5,123106.5,Year,Year,123106.5,123106.5,123106.5,,,,,,apr2026
15397100,2026/04/09,21222,information technology (IT) analyst,Information systems specialists,Ontario,Richmond Hill,Toronto Region,21.0,22.0,Hour,Hour,43680.0,45760.0,44720.0,,,,,,apr2026
15477122,2026/04/20,21222,systems analyst,Information systems specialists,Ontario,Cambridge,Kitchener–Waterloo–Barrie Region,47.0,47.0,Hour,Hour,97760.0,97760.0,97760.0,Bachelor's degree,7 months to less than 1 year,40.0,40.0,Week,apr2026
15397049,2026/04/09,21222,systems analyst,Information systems specialists,Ontario,Tecumseh,Windsor-Sarnia Region,85000.0,85000.0,Year,Year,85000.0,85000.0,85000.0,,,,,,apr2026
15480851,2026/04/15,21222,information technology (IT) analyst,Information systems specialists,Ontario,North Bay,Northeast Region,44.0,44.0,Hour,Hour,91520.0,91520.0,91520.0,,,,,,apr2026
15497479,2026/04/25,21222,information technology (IT) analyst,Information systems specialists,Ontario,Brampton,Toronto Region,78998.0,98776.0,Year,Year,78998.0,98776.0,88887.0,,,,,,apr2026
15384142,2026/04/08,21222,solutions architect - information technology (IT),Information systems specialists,Ontario,Mississauga,Toronto Region,28.85,68.68,Hour,Hour,60008.0,142854.40000000002,101431.20000000001,,,,,,apr2026
15501109,2026/04/28,21222,systems consultant,Information systems specialists,Ontario,Oshawa,Toronto Region,48.1,48.1,Hour,Hour,100048.0,100048.0,100048.0,Bachelor's degree,3 years to less than 5 years,35.0,35.0,Week,apr2026
15369738,2026/04/01,21222,solutions architect - information technology (IT),Information systems specialists,Ontario,Toronto,Toronto Region,28.85,68.68,Hour,Hour,60008.0,142854.40000000002,101431.20000000001,,,,,,apr2026
15377460,2026/04/04,21211,artificial intelligence (AI) consultant,Data scientists,Ontario,Toronto,Toronto Region,30.0,69.74,Hour,Hour,62400.0,145059.19999999998,103729.59999999999,,,,,,apr2026
15378430,2026/04/06,21222,data processing consultant,Information systems specialists,Ontario,Toronto,Toronto Region,28.85,68.68,Hour,Hour,60008.0,142854.40000000002,101431.20000000001,,,,,,apr2026
15387780,2026/04/07,21222,information technology (IT) analyst,Information systems specialists,Ontario,Toronto,Toronto Region,85000.0,90000.0,Year,Year,85000.0,90000.0,87500.0,,,,,,apr2026
15387468,2026/04/09,21221,"business analyst, informatics",Business systems specialists,Ontario,Toronto,Toronto Region,30.67,62.5,Hour,Hour,63793.600000000006,130000.0,96896.8,,,,,,apr2026
15387465,2026/04/09,21222,"analyst, systems",Information systems specialists,Ontario,Toronto,Toronto Region,28.85,68.68,Hour,Hour,60008.0,142854.40000000002,101431.20000000001,,,,,,apr2026
15481265,2026/04/16,21222,information technology (IT) analyst,Information systems specialists,Ontario,Toronto,Toronto Region,50.0,50.0,Hour,Hour,104000.0,104000.0,104000.0,,,,,,apr2026
15480733,2026/04/20,21222,information technology (IT) analyst,Information systems specialists,Ontario,Toronto,Toronto Region,30.0,30.0,Hour,Hour,62400.0,62400.0,62400.0,,,,,,apr2026
15478709,2026/04/20,21223,database developer,Database analysts and data administrators,Ontario,Toronto,Toronto Region,18.6,18.6,Hour,Hour,38688.0,38688.0,38688.0,,,,,,apr2026
15470654,2026/04/16,21221,"analyst, business - computer systems",Business systems specialists,Ontario,Toronto,Toronto Region,30.67,62.5,Hour,Hour,63793.600000000006,130000.0,96896.8,,,,,,apr2026
15470691,2026/04/16,21222,system integration consultant,Information systems specialists,Ontario,Toronto,Toronto Region,28.85,68.68,Hour,Hour,60008.0,142854.40000000002,101431.20000000001,,,,,,apr2026
15472807,2026/04/16,21211,data scientist,Data scientists,Ontario,Toronto,Toronto Region,90000.0,120000.0,Year,Year,90000.0,120000.0,105000.0,,,,,,apr2026
15468310,2026/04/16,21211,artificial intelligence (AI) consultant,Data scientists,Ontario,Toronto,Toronto Region,30.0,69.74,Hour,Hour,62400.0,145059.19999999998,103729.59999999999,,,,,,apr2026
15470693,2026/04/16,21221,IT (information technology) business analyst,Business systems specialists,Ontario,Toronto,Toronto Region,30.67,62.5,Hour,Hour,63793.600000000006,130000.0,96896.8,,,,,,apr2026
15477046,2026/04/19,21221,business systems analyst,Business systems specialists,Ontario,Toronto,Toronto Region,30.67,62.5,Hour,Hour,63793.600000000006,130000.0,96896.8,,,,,,apr2026
15480778,2026/04/17,21222,information technology (IT) analyst,Information systems specialists,Ontario,Toronto,Toronto Region,75000.0,75000.0,Year,Year,75000.0,75000.0,75000.0,,,,,,apr2026
15476041,2026/04/18,21222,"analyst, systems",Information systems specialists,Ontario,Toronto,Toronto Region,28.85,68.68,Hour,Hour,60008.0,142854.40000000002,101431.20000000001,,,,,,apr2026
15492083,2026/04/24,21221,business systems analyst,Business systems specialists,Ontario,Toronto,Toronto Region,30.67,62.5,Hour,Hour,63793.600000000006,130000.0,96896.8,,,,,,apr2026
15492296,2026/04/23,21222,information technology (IT) analyst,Information systems specialists,Ontario,Toronto,Toronto Region,101.0,101.0,Day,Day,26260.0,26260.0,26260.0,,,,,,apr2026
15488844,2026/04/23,21223,database developer,Database analysts and data administrators,Ontario,Toronto,Toronto Region,10000.0,10000.0,Month,Month,120000.0,120000.0,120000.0,,,,,,apr2026
15501325,2026/04/24,21211,data engineer,Data scientists,Ontario,Toronto,Toronto Region,10000.0,10000.0,Month,Month,120000.0,120000.0,120000.0,,,,,,apr2026
15488891,2026/04/22,21222,information technology (IT) analyst,Information systems specialists,Ontario,Toronto,Toronto Region,70.0,70.0,Hour,Hour,145600.0,145600.0,145600.0,,,,,,apr2026
15496727,2026/04/26,21222,solutions architect - information technology (IT),Information systems specialists,Ontario,Toronto,Toronto Region,26.0,63.0,Hour,Hour,54080.0,131040.0,92560.0,,,,,,apr2026
15496473,2026/04/26,21211,data scientist,Data scientists,Ontario,Toronto,Toronto Region,30.0,69.74,Hour,Hour,62400.0,145059.19999999998,103729.59999999999,,,,,,apr2026
15496924,2026/04/26,21211,data scientist,Data scientists,Ontario,Toronto,Toronto Region,30.0,69.74,Hour,Hour,62400.0,145059.19999999998,103729.59999999999,,,,,,apr2026
15506953,2026/04/29,21211,artificial intelligence (AI) consultant,Data scientists,Ontario,Toronto,Toronto Region,30.0,69.74,Hour,Hour,62400.0,145059.19999999998,103729.59999999999,,,,,,apr2026
15508862,2026/04/29,21222,information technology (IT) analyst,Information systems specialists,Ontario,Toronto,Toronto Region,20.0,20.0,Hour,Hour,41600.0,41600.0,41600.0,,,,,,apr2026
15508711,2026/04/29,21222,information technology (IT) analyst,Information systems specialists,Ontario,Toronto,Toronto Region,80.0,80.0,Hour,Hour,166400.0,166400.0,166400.0,,,,,,apr2026
15508877,2026/04/28,21222,information technology (IT) analyst,Information systems specialists,Ontario,Toronto,Toronto Region,80.0,80.0,Hour,Hour,166400.0,166400.0,166400.0,,,,,,apr2026
15500890,2026/04/28,21222,"analyst, systems",Information systems specialists,Ontario,Toronto,Toronto Region,28.85,68.68,Hour,Hour,60008.0,142854.40000000002,101431.20000000001,,,,,,apr2026
15380653,2026/04/03,21222,information technology (IT) analyst,Information systems specialists,Ontario,Chatham,Windsor-Sarnia Region,25.0,39.0,Hour,Hour,52000.0,81120.0,66560.0,,,,,,apr2026
15502141,2026/04/28,21221,information systems business analyst,Business systems specialists,Ontario,Concord,Toronto Region,44.0,44.0,Hour,Hour,91520.0,91520.0,91520.0,College/CEGEP,1 year to less than 2 years,30.0,30.0,Week,apr2026
15506788,2026/04/29,21223,data administrator,Database analysts and data administrators,Ontario,Etobicoke,Toronto Region,24.0,31.25,Hour,Hour,49920.0,65000.0,57460.0,,,,,,apr2026
15380548,2026/04/06,21222,information technology (IT) analyst,Information systems specialists,Ontario,Hamilton,Hamilton–Niagara Peninsula Region,25.0,30.0,Hour,Hour,52000.0,62400.0,57200.0,,,,,,apr2026
15481268,2026/04/20,21222,information technology (IT) analyst,Information systems specialists,Ontario,Sault Ste. Marie,Northeast Region,75000.0,110000.0,Year,Year,75000.0,110000.0,92500.0,,,,,,apr2026
15387147,2026/04/08,21222,"analyst, computer",Information systems specialists,Ontario,Ottawa,Ottawa Region,85980.0,101190.0,Hour,Year,85980.0,101190.0,93585.0,,,,,,apr2026
15497562,2026/04/25,21222,information technology (IT) analyst,Information systems specialists,Ontario,Mississauga,Toronto Region,45000.0,45000.0,Year,Year,45000.0,45000.0,45000.0,,,,,,apr2026
15368736,2026/04/01,21211,data mining analyst,Data scientists,Ontario,Toronto,Toronto Region,30.0,69.74,Hour,Hour,62400.0,145059.19999999998,103729.59999999999,,,,,,apr2026
15375036,2026/04/03,21211,artificial intelligence (AI) consultant,Data scientists,Ontario,Toronto,Toronto Region,30.0,69.74,Hour,Hour,62400.0,145059.19999999998,103729.59999999999,,,,,,apr2026
15377013,2026/04/04,21221,business systems analyst,Business systems specialists,Ontario,Toronto,Toronto Region,30.67,62.5,Hour,Hour,63793.600000000006,130000.0,96896.8,,,,,,apr2026
15380623,2026/04/06,21222,information technology (IT) analyst,Information systems specialists,Ontario,Toronto,Toronto Region,31.0,31.0,Hour,Hour,64480.0,64480.0,64480.0,,,,,,apr2026
15384299,2026/04/07,21222,informatics consultant,Information systems specialists,Ontario,Toronto,Toronto Region,75.23,75.23,Hour,Hour,156478.4,156478.4,156478.4,,,,,,apr2026
15387704,2026/04/07,21222,information technology (IT) analyst,Information systems specialists,Ontario,Toronto,Toronto Region,83000.0,90000.0,Year,Year,83000.0,90000.0,86500.0,,,,,,apr2026
15391134,2026/04/09,21211,data engineer,Data scientists,Ontario,Toronto,Toronto Region,75000.0,75000.0,Year,Year,75000.0,75000.0,75000.0,Bachelor's degree,7 months to less than 1 year,30.0,30.0,Week,apr2026
15436003,2026/04/13,21222,"consultant, information technology (IT)",Information systems specialists,Ontario,Toronto,Toronto Region,28.85,68.68,Hour,Hour,60008.0,142854.40000000002,101431.20000000001,,,,,,apr2026
15430361,2026/04/13,21211,data mining analyst,Data scientists,Ontario,Toronto,Toronto Region,30.0,69.74,Hour,Hour,62400.0,145059.19999999998,103729.59999999999,,,,,,apr2026
15430692,2026/04/12,21222,information technology (IT) analyst,Information systems specialists,Ontario,Toronto,Toronto Region,21.0,23.0,Hour,Hour,43680.0,47840.0,45760.0,,,,,,apr2026
15429411,2026/04/11,21222,"analyst, systems",Information systems specialists,Ontario,Toronto,Toronto Region,28.85,68.68,Hour,Hour,60008.0,142854.40000000002,101431.20000000001,,,,,,apr2026
15468897,2026/04/14,21222,information technology (IT) analyst,Information systems specialists,Ontario,Toronto,Toronto Region,70.0,70.0,Hour,Hour,145600.0,145600.0,145600.0,,,,,,apr2026
15469409,2026/04/14,21222,information technology (IT) analyst,Information systems specialists,Ontario,Toronto,Toronto Region,35.0,35.0,Hour,Hour,72800.0,72800.0,72800.0,,,,,,apr2026
15480800,2026/04/20,21222,information technology (IT) analyst,Information systems specialists,Ontario,Toronto,Toronto Region,80.0,80.0,Hour,Hour,166400.0,166400.0,166400.0,,,,,,apr2026
15468224,2026/04/16,21211,data scientist,Data scientists,Ontario,Toronto,Toronto Region,30.0,69.74,Hour,Hour,62400.0,145059.19999999998,103729.59999999999,,,,,,apr2026
15394656,2026/04/10,21211,data mining analyst,Data scientists,Ontario,Toronto,Toronto Region,30.0,69.74,Hour,Hour,62400.0,145059.19999999998,103729.59999999999,,,,,,apr2026
15481289,2026/04/17,21211,data engineer,Data scientists,Ontario,Toronto,Toronto Region,80000.0,120000.0,Year,Year,80000.0,120000.0,100000.0,,,,,,apr2026
15402247,2026/04/10,21211,data mining analyst,Data scientists,Ontario,Toronto,Toronto Region,30.0,69.74,Hour,Hour,62400.0,145059.19999999998,103729.59999999999,,,,,,apr2026
15476191,2026/04/18,21211,artificial intelligence (AI) consultant,Data scientists,Ontario,Toronto,Toronto Region,30.0,69.74,Hour,Hour,62400.0,145059.19999999998,103729.59999999999,,,,,,apr2026
15480639,2026/04/18,21222,information technology (IT) analyst,Information systems specialists,Ontario,Toronto,Toronto Region,71000.0,71000.0,Year,Year,71000.0,71000.0,71000.0,,,,,,apr2026
15476229,2026/04/18,21211,data scientist,Data scientists,Ontario,Toronto,Toronto Region,30.0,69.74,Hour,Hour,62400.0,145059.19999999998,103729.59999999999,,,,,,apr2026
15488823,2026/04/21,21222,information technology (IT) analyst,Information systems specialists,Ontario,Toronto,Toronto Region,41.0,41.0,Hour,Hour,85280.0,85280.0,85280.0,,,,,,apr2026
15488829,2026/04/21,21222,information technology (IT) analyst,Information systems specialists,Ontario,Toronto,Toronto Region,75.0,75.0,Hour,Hour,156000.0,156000.0,156000.0,,,,,,apr2026
15482835,2026/04/21,21211,big data analyst,Data scientists,Ontario,Toronto,Toronto Region,55000.0,55000.0,Year,Year,55000.0,55000.0,55000.0,,,,,,apr2026
15492095,2026/04/24,21221,business systems analyst,Business systems specialists,Ontario,Toronto,Toronto Region,30.67,62.5,Hour,Hour,63793.600000000006,130000.0,96896.8,,,,,,apr2026
15497496,2026/04/24,21222,information technology (IT) analyst,Information systems specialists,Ontario,Toronto,Toronto Region,120000.0,150000.0,Year,Year,120000.0,150000.0,135000.0,,,,,,apr2026
15488825,2026/04/23,21222,information technology (IT) analyst,Information systems specialists,Ontario,Toronto,Toronto Region,10000.0,10000.0,Month,Month,120000.0,120000.0,120000.0,,,,,,apr2026
15492238,2026/04/24,21211,data engineer,Data scientists,Ontario,Toronto,Toronto Region,10000.0,10000.0,Month,Month,120000.0,120000.0,120000.0,,,,,,apr2026
15496910,2026/04/26,21222,"analyst, systems",Information systems specialists,Ontario,Toronto,Toronto Region,28.85,68.68,Hour,Hour,60008.0,142854.40000000002,101431.20000000001,,,,,,apr2026
15508946,2026/04/29,21222,information technology (IT) analyst,Information systems specialists,Ontario,Toronto,Toronto Region,180.0,180.0,Day,Day,46800.0,46800.0,46800.0,,,,,,apr2026
15497170,2026/04/27,21221,business systems analyst,Business systems specialists,Ontario,Toronto,Toronto Region,30.67,62.5,Hour,Hour,63793.600000000006,130000.0,96896.8,,,,,,apr2026
15508808,2026/04/28,21222,information technology (IT) analyst,Information systems specialists,Ontario,Toronto,Toronto Region,25.0,25.0,Hour,Hour,52000.0,52000.0,52000.0,,,,,,apr2026
15508949,2026/04/28,21222,information technology (IT) analyst,Information systems specialists,Ontario,Toronto,Toronto Region,35.0,35.0,Hour,Hour,72800.0,72800.0,72800.0,,,,,,apr2026
15497422,2026/04/24,21222,information technology (IT) analyst,Information systems specialists,Ontario,Hamilton,Hamilton–Niagara Peninsula Region,24.89,24.89,Hour,Hour,51771.200000000004,51771.200000000004,51771.200000000004,,,,,,apr2026
15380586,2026/04/06,21222,information technology (IT) analyst,Information systems specialists,Ontario,Cambridge,Kitchener–Waterloo–Barrie Region,60000.0,70000.0,Hour,Year,60000.0,70000.0,65000.0,,,,,,apr2026
15497494,2026/04/24,21222,information technology (IT) analyst,Information systems specialists,Ontario,Brampton,Toronto Region,75000.0,75000.0,Year,Year,75000.0,75000.0,75000.0,,,,,,apr2026
15480592,2026/04/17,21222,information technology (IT) analyst,Information systems specialists,Ontario,Burlington,Hamilton–Niagara Peninsula Region,65000.0,75000.0,Year,Year,65000.0,75000.0,70000.0,,,,,,apr2026
15481044,2026/04/16,21222,information technology (IT) analyst,Information systems specialists,Ontario,Mississauga,Toronto Region,65000.0,65000.0,Year,Year,65000.0,65000.0,65000.0,,,,,,apr2026
15495035,2026/04/24,21223,data analyst - informatics and systems,Database analysts and data administrators,Ontario,Oshawa,Toronto Region,20.0,20.0,Hour,Hour,41600.0,41600.0,41600.0,Bachelor's degree,2 years to less than 3 years,35.0,35.0,Week,apr2026
15369718,2026/04/01,21222,"analyst, systems",Information systems specialists,Ontario,Toronto,Toronto Region,28.85,68.68,Hour,Hour,60008.0,142854.40000000002,101431.20000000001,,,,,,apr2026
15368731,2026/04/01,21222,information technology (IT) analyst,Information systems specialists,Ontario,Toronto,Toronto Region,101.0,101.0,Day,Day,26260.0,26260.0,26260.0,,,,,,apr2026
15380509,2026/04/02,21222,information technology (IT) analyst,Information systems specialists,Ontario,Toronto,Toronto Region,32.0,37.0,Hour,Hour,66560.0,76960.0,71760.0,,,,,,apr2026
15380527,2026/04/02,21222,information technology (IT) analyst,Information systems specialists,Ontario,Toronto,Toronto Region,110000.0,110000.0,Year,Year,110000.0,110000.0,110000.0,,,,,,apr2026
15375275,2026/04/03,21221,business systems analyst,Business systems specialists,Ontario,Toronto,Toronto Region,30.67,62.5,Hour,Hour,63793.600000000006,130000.0,96896.8,,,,,,apr2026
15378397,2026/04/06,21223,data analyst - informatics and systems,Database analysts and data administrators,Ontario,Toronto,Toronto Region,25.0,61.03,Hour,Hour,52000.0,126942.40000000001,89471.20000000001,,,,,,apr2026
15386548,2026/04/08,21222,computer simulations analyst,Information systems specialists,Ontario,Toronto,Toronto Region,50.0,70.0,Hour,Hour,104000.0,145600.0,124800.0,Earned doctorate degree,5 years or more,37.5,42.0,Week,apr2026
15385505,2026/04/08,21211,data scientist,Data scientists,Ontario,Toronto,Toronto Region,30.0,69.74,Hour,Hour,62400.0,145059.19999999998,103729.59999999999,,,,,,apr2026
15397185,2026/04/09,21222,information technology (IT) analyst,Information systems specialists,Ontario,Toronto,Toronto Region,55000.0,55000.0,Year,Year,55000.0,55000.0,55000.0,,,,,,apr2026
15430698,2026/04/10,21222,information technology (IT) analyst,Information systems specialists,Ontario,Toronto,Toronto Region,75000.0,90000.0,Year,Year,75000.0,90000.0,82500.0,,,,,,apr2026
15459254,2026/04/14,21223,database analyst,Database analysts and data administrators,Ontario,Toronto,Toronto Region,25.0,61.03,Hour,Hour,52000.0,126942.40000000001,89471.20000000001,,,,,,apr2026
15469156,2026/04/14,21222,information technology (IT) analyst,Information systems specialists,Ontario,Toronto,Toronto Region,90.0,90.0,Hour,Hour,187200.0,187200.0,187200.0,,,,,,apr2026
15436047,2026/04/14,21222,solutions architect - information technology (IT),Information systems specialists,Ontario,Toronto,Toronto Region,28.85,68.68,Hour,Hour,60008.0,142854.40000000002,101431.20000000001,,,,,,apr2026
15496430,2026/04/20,21221,business systems analyst,Business systems specialists,Ontario,Toronto,Toronto Region,27.0,62.0,Hour,Hour,56160.0,128960.0,92560.0,,,,,,apr2026
15468037,2026/04/15,21222,applications analyst - computer systems,Information systems specialists,Ontario,Toronto,Toronto Region,28.85,68.68,Hour,Hour,60008.0,142854.40000000002,101431.20000000001,,,,,,apr2026
15466239,2026/04/15,21222,"analyst, systems",Information systems specialists,Ontario,Toronto,Toronto Region,28.85,68.68,Hour,Hour,60008.0,142854.40000000002,101431.20000000001,,,,,,apr2026
15465872,2026/04/15,21211,data scientist,Data scientists,Ontario,Toronto,Toronto Region,30.0,69.74,Hour,Hour,62400.0,145059.19999999998,103729.59999999999,,,,,,apr2026
15465870,2026/04/15,21211,artificial intelligence (AI) consultant,Data scientists,Ontario,Toronto,Toronto Region,30.0,69.74,Hour,Hour,62400.0,145059.19999999998,103729.59999999999,,,,,,apr2026
15481196,2026/04/17,21222,information technology (IT) analyst,Information systems specialists,Ontario,Toronto,Toronto Region,60.0,70.0,Hour,Hour,124800.0,145600.0,135200.0,,,,,,apr2026
15471672,2026/04/16,21222,technical project manager,Information systems specialists,Ontario,Toronto,Toronto Region,100600.0,125800.0,Year,Year,100600.0,125800.0,113200.0,Bachelor's degree,5 years or more,36.25,36.25,Week,apr2026
15481200,2026/04/17,21222,information technology (IT) analyst,Information systems specialists,Ontario,Toronto,Toronto Region,25.0,25.0,Hour,Hour,52000.0,52000.0,52000.0,,,,,,apr2026
15476239,2026/04/18,21211,data mining analyst,Data scientists,Ontario,Toronto,Toronto Region,30.0,69.74,Hour,Hour,62400.0,145059.19999999998,103729.59999999999,,,,,,apr2026
15488913,2026/04/22,21222,information technology (IT) analyst,Information systems specialists,Ontario,Toronto,Toronto Region,78903.0,78903.0,Year,Year,78903.0,78903.0,78903.0,,,,,,apr2026
15488720,2026/04/22,21222,information technology (IT) analyst,Information systems specialists,Ontario,Toronto,Toronto Region,90.0,90.0,Hour,Hour,187200.0,187200.0,187200.0,,,,,,apr2026
15492152,2026/04/24,21221,business systems analyst,Business systems specialists,Ontario,Toronto,Toronto Region,27.0,62.0,Hour,Hour,56160.0,128960.0,92560.0,,,,,,apr2026
15497353,2026/04/24,21223,data steward,Database analysts and data administrators,Ontario,Toronto,Toronto Region,60.0,60.0,Hour,Hour,124800.0,124800.0,124800.0,,,,,,apr2026
15497397,2026/04/24,21222,information technology (IT) analyst,Information systems specialists,Ontario,Toronto,Toronto Region,60000.0,70000.0,Year,Year,60000.0,70000.0,65000.0,,,,,,apr2026
15495139,2026/04/24,21222,"analyst, systems",Information systems specialists,Ontario,Toronto,Toronto Region,28.85,68.68,Hour,Hour,60008.0,142854.40000000002,101431.20000000001,,,,,,apr2026
15495763,2026/04/25,21221,IT (information technology) business analyst,Business systems specialists,Ontario,Toronto,Toronto Region,27.0,62.0,Hour,Hour,56160.0,128960.0,92560.0,,,,,,apr2026
15488889,2026/04/22,21222,information technology (IT) analyst,Information systems specialists,Ontario,Toronto,Toronto Region,20.0,20.0,Hour,Hour,41600.0,41600.0,41600.0,,,,,,apr2026
15488895,2026/04/22,21222,information technology (IT) analyst,Information systems specialists,Ontario,Toronto,Toronto Region,50.0,50.0,Hour,Hour,104000.0,104000.0,104000.0,,,,,,apr2026
15496490,2026/04/26,21211,data mining analyst,Data scientists,Ontario,Toronto,Toronto Region,30.0,69.74,Hour,Hour,62400.0,145059.19999999998,103729.59999999999,,,,,,apr2026
15497343,2026/04/26,21222,information technology (IT) analyst,Information systems specialists,Ontario,Toronto,Toronto Region,70.0,70.0,Hour,Hour,145600.0,145600.0,145600.0,,,,,,apr2026
15497493,2026/04/26,21222,information technology (IT) analyst,Information systems specialists,Ontario,Toronto,Toronto Region,35.0,35.0,Hour,Hour,72800.0,72800.0,72800.0,,,,,,apr2026
15497510,2026/04/26,21222,information technology (IT) analyst,Information systems specialists,Ontario,Toronto,Toronto Region,65.0,65.0,Hour,Hour,135200.0,135200.0,135200.0,,,,,,apr2026
15497524,2026/04/26,21211,quantitative analyst,Data scientists,Ontario,Toronto,Toronto Region,125.0,125.0,Day,Day,32500.0,32500.0,32500.0,,,,,,apr2026
15508809,2026/04/29,21222,information technology (IT) analyst,Information systems specialists,Ontario,Toronto,Toronto Region,45.0,45.0,Hour,Hour,93600.0,93600.0,93600.0,,,,,,apr2026
15508721,2026/04/29,21222,information technology (IT) analyst,Information systems specialists,Ontario,Toronto,Toronto Region,65000.0,65000.0,Year,Year,65000.0,65000.0,65000.0,,,,,,apr2026
15498901,2026/04/27,21211,data scientist,Data scientists,Ontario,Toronto,Toronto Region,30.0,69.74,Hour,Hour,62400.0,145059.19999999998,103729.59999999999,,,,,,apr2026
15498794,2026/04/27,21223,database analyst (DBA),Database analysts and data administrators,Ontario,Toronto,Toronto Region,25.0,61.03,Hour,Hour,52000.0,126942.40000000001,89471.20000000001,,,,,,apr2026
15508817,2026/04/28,21222,information technology (IT) analyst,Information systems specialists,Ontario,Toronto,Toronto Region,80.0,80.0,Hour,Hour,166400.0,166400.0,166400.0,,,,,,apr2026
15508831,2026/04/28,21222,information technology (IT) analyst,Information systems specialists,Ontario,Toronto,Toronto Region,70.0,70.0,Hour,Hour,145600.0,145600.0,145600.0,,,,,,apr2026
15508917,2026/04/28,21222,information technology (IT) analyst,Information systems specialists,Ontario,Toronto,Toronto Region,80000.0,80000.0,Year,Year,80000.0,80000.0,80000.0,,,,,,apr2026
15497546,2026/04/24,21222,information technology (IT) analyst,Information systems specialists,Ontario,LaSalle,Windsor-Sarnia Region,38.0,38.0,Hour,Hour,79040.0,79040.0,79040.0,,,,,,apr2026
15488995,2026/04/22,21222,information technology (IT) analyst,Information systems specialists,Ontario,Hamilton,Hamilton–Niagara Peninsula Region,75000.0,98000.0,Year,Year,75000.0,98000.0,86500.0,,,,,,apr2026
15386641,2026/04/08,21222,project coordinator - information technology (it),Information systems specialists,Ontario,Milton,Toronto Region,30.0,35.0,Hour,Hour,62400.0,72800.0,67600.0,Bachelor's degree,3 years to less than 5 years,40.0,40.0,Week,apr2026
15499753,2026/04/27,21221,business systems analyst,Business systems specialists,Ontario,,,70.0,90.0,Hour,Hour,145600.0,187200.0,166400.0,Bachelor's degree,5 years or more,37.5,37.5,Week,apr2026
15492323,2026/04/21,21222,information technology (IT) analyst,Information systems specialists,Ontario,Oakville,Toronto Region,65000.0,70000.0,Year,Year,65000.0,70000.0,67500.0,,,,,,apr2026
15497574,2026/04/17,21222,information technology (IT) analyst,Information systems specialists,Ontario,Cambridge,Kitchener–Waterloo–Barrie Region,44000.0,46000.0,Year,Year,44000.0,46000.0,45000.0,,,,,,apr2026
15374947,2026/04/02,21223,"administrator, database",Database analysts and data administrators,Ontario,Ottawa,Ottawa Region,77120.0,90780.0,Year,Year,77120.0,90780.0,83950.0,,,,,,apr2026
15495987,2026/04/25,21222,informatics quality assurance (QA) analyst,Information systems specialists,Ontario,Ottawa,Ottawa Region,85980.0,101190.0,Year,Year,85980.0,101190.0,93585.0,,,,,,apr2026
15500205,2026/04/27,21221,business data analyst,Business systems specialists,Ontario,St. Thomas,London Region,41.5,41.5,Hour,Hour,86320.0,86320.0,86320.0,Bachelor's degree,3 years to less than 5 years,40.0,40.0,Week,apr2026
15405225,2026/04/10,21221,business systems analyst,Business systems specialists,Ontario,Sudbury,Northeast Region,30.0,30.0,Hour,Hour,62400.0,62400.0,62400.0,College/CEGEP,1 to less than 7 months,40.0,40.0,Week,apr2026
15430511,2026/04/12,21222,information technology (IT) analyst,Information systems specialists,Ontario,Burlington,Hamilton–Niagara Peninsula Region,65000.0,75000.0,Year,Year,65000.0,75000.0,70000.0,,,,,,apr2026
15380518,2026/04/02,21222,information technology (IT) analyst,Information systems specialists,Ontario,Mississauga,Toronto Region,21.0,26.0,Hour,Hour,43680.0,54080.0,48880.0,,,,,,apr2026
15481134,2026/04/17,21222,information technology (IT) analyst,Information systems specialists,Ontario,Mississauga,Toronto Region,28.83,28.83,Hour,Hour,59966.399999999994,59966.399999999994,59966.399999999994,,,,,,apr2026
15497499,2026/04/25,21222,information technology (IT) analyst,Information systems specialists,Ontario,Mississauga,Toronto Region,78998.0,98776.0,Year,Year,78998.0,98776.0,88887.0,,,,,,apr2026
15492563,2026/04/23,21222,information technology (IT) analyst,Information systems specialists,Ontario,Oshawa,Toronto Region,30.0,30.0,Hour,Hour,62400.0,62400.0,62400.0,,,,,,apr2026
15380547,2026/04/01,21222,information technology (IT) analyst,Information systems specialists,Ontario,Toronto,Toronto Region,20.0,20.0,Hour,Hour,41600.0,41600.0,41600.0,,,,,,apr2026
15371637,2026/04/02,21211,data mining analyst,Data scientists,Ontario,Toronto,Toronto Region,30.0,69.74,Hour,Hour,62400.0,145059.19999999998,103729.59999999999,,,,,,apr2026
15372873,2026/04/02,21222,"analyst, systems",Information systems specialists,Ontario,Toronto,Toronto Region,28.85,68.68,Hour,Hour,60008.0,142854.40000000002,101431.20000000001,,,,,,apr2026
15373583,2026/04/02,21222,solutions architect - information technology (IT),Information systems specialists,Ontario,Toronto,Toronto Region,140000.0,145000.0,Year,Year,140000.0,145000.0,142500.0,Bachelor's degree,5 years or more,40.0,40.0,Week,apr2026
15371754,2026/04/02,21221,IT (information technology) business analyst,Business systems specialists,Ontario,Toronto,Toronto Region,30.67,62.5,Hour,Hour,63793.600000000006,130000.0,96896.8,,,,,,apr2026
15375261,2026/04/03,21211,data scientist,Data scientists,Ontario,Toronto,Toronto Region,30.0,69.74,Hour,Hour,62400.0,145059.19999999998,103729.59999999999,,,,,,apr2026
15376179,2026/04/03,21223,data analyst - informatics and systems,Database analysts and data administrators,Ontario,Toronto,Toronto Region,25.0,61.03,Hour,Hour,52000.0,126942.40000000001,89471.20000000001,,,,,,apr2026
15375306,2026/04/03,21211,data mining analyst,Data scientists,Ontario,Toronto,Toronto Region,30.0,69.74,Hour,Hour,62400.0,145059.19999999998,103729.59999999999,,,,,,apr2026
15377764,2026/04/05,21222,solutions architect - information technology (IT),Information systems specialists,Ontario,Toronto,Toronto Region,28.85,68.68,Hour,Hour,60008.0,142854.40000000002,101431.20000000001,,,,,,apr2026
15378435,2026/04/06,21221,business systems analyst,Business systems specialists,Ontario,Toronto,Toronto Region,30.67,62.5,Hour,Hour,63793.600000000006,130000.0,96896.8,,,,,,apr2026
15378426,2026/04/06,21221,business systems analyst,Business systems specialists,Ontario,Toronto,Toronto Region,30.67,62.5,Hour,Hour,63793.600000000006,130000.0,96896.8,,,,,,apr2026
15387441,2026/04/09,21221,business systems analyst,Business systems specialists,Ontario,Toronto,Toronto Region,30.67,62.5,Hour,Hour,63793.600000000006,130000.0,96896.8,,,,,,apr2026
15510146,2026/04/30,21211,data scientist,Data scientists,Ontario,Toronto,Toronto Region,30.0,69.74,Hour,Hour,62400.0,145059.19999999998,103729.59999999999,,,,,,apr2026
15410618,2026/04/11,21221,business systems analyst,Business systems specialists,Ontario,Toronto,Toronto Region,30.67,62.5,Hour,Hour,63793.600000000006,130000.0,96896.8,,,,,,apr2026
15429851,2026/04/12,21211,data scientist,Data scientists,Ontario,Toronto,Toronto Region,30.0,69.74,Hour,Hour,62400.0,145059.19999999998,103729.59999999999,,,,,,apr2026
15481064,2026/04/20,21222,information technology (IT) analyst,Information systems specialists,Ontario,Toronto,Toronto Region,60000.0,75000.0,Year,Year,60000.0,75000.0,67500.0,,,,,,apr2026
15430605,2026/04/10,21222,information technology (IT) analyst,Information systems specialists,Ontario,Toronto,Toronto Region,100000.0,100000.0,Year,Year,100000.0,100000.0,100000.0,,,,,,apr2026
15480603,2026/04/20,21222,information technology (IT) analyst,Information systems specialists,Ontario,Toronto,Toronto Region,65.0,65.0,Hour,Hour,135200.0,135200.0,135200.0,,,,,,apr2026
15481309,2026/04/20,21222,information technology (IT) analyst,Information systems specialists,Ontario,Toronto,Toronto Region,50000.0,50000.0,Year,Year,50000.0,50000.0,50000.0,,,,,,apr2026
15477033,2026/04/20,21211,data scientist,Data scientists,Ontario,Toronto,Toronto Region,30.0,69.74,Hour,Hour,62400.0,145059.19999999998,103729.59999999999,,,,,,apr2026
15480693,2026/04/20,21222,information technology (IT) analyst,Information systems specialists,Ontario,Toronto,Toronto Region,23.0,23.0,Hour,Hour,47840.0,47840.0,47840.0,,,,,,apr2026
15481186,2026/04/16,21222,information technology (IT) analyst,Information systems specialists,Ontario,Toronto,Toronto Region,41.0,41.0,Hour,Hour,85280.0,85280.0,85280.0,,,,,,apr2026
15468294,2026/04/15,21221,business systems analyst,Business systems specialists,Ontario,Toronto,Toronto Region,30.67,62.5,Hour,Hour,63793.600000000006,130000.0,96896.8,,,,,,apr2026
15472454,2026/04/16,21222,solutions architect - information technology (IT),Information systems specialists,Ontario,Toronto,Toronto Region,28.85,68.68,Hour,Hour,60008.0,142854.40000000002,101431.20000000001,,,,,,apr2026
15465844,2026/04/15,21211,artificial intelligence (AI) consultant,Data scientists,Ontario,Toronto,Toronto Region,30.0,69.74,Hour,Hour,62400.0,145059.19999999998,103729.59999999999,,,,,,apr2026
15468327,2026/04/15,21221,business system architect,Business systems specialists,Ontario,Toronto,Toronto Region,85.0,85.0,Hour,Hour,176800.0,176800.0,176800.0,Bachelor's degree,5 years or more,80.0,80.0,Bi-weekly,apr2026
15476517,2026/04/19,21211,data scientist,Data scientists,Ontario,Toronto,Toronto Region,30.0,69.74,Hour,Hour,62400.0,145059.19999999998,103729.59999999999,,,,,,apr2026
15480908,2026/04/17,21222,information technology (IT) analyst,Information systems specialists,Ontario,Toronto,Toronto Region,46000.0,49000.0,Year,Year,46000.0,49000.0,47500.0,,,,,,apr2026
15484734,2026/04/22,21221,business systems analyst,Business systems specialists,Ontario,Toronto,Toronto Region,30.67,62.5,Hour,Hour,63793.600000000006,130000.0,96896.8,,,,,,apr2026
15492099,2026/04/22,21221,informatics business analyst,Business systems specialists,Ontario,Toronto,Toronto Region,27.0,62.0,Hour,Hour,56160.0,128960.0,92560.0,,,,,,apr2026
15484815,2026/04/22,21211,data mining analyst,Data scientists,Ontario,Toronto,Toronto Region,30.0,69.74,Hour,Hour,62400.0,145059.19999999998,103729.59999999999,,,,,,apr2026
15487324,2026/04/22,21222,technical project manager,Information systems specialists,Ontario,Toronto,Toronto Region,63545.1,135312.16,Year,Year,63545.1,135312.16,99428.63,,,,,,apr2026
15495186,2026/04/24,21211,artificial intelligence (AI) consultant,Data scientists,Ontario,Toronto,Toronto Region,30.0,69.74,Hour,Hour,62400.0,145059.19999999998,103729.59999999999,,,,,,apr2026
15492321,2026/04/23,21222,information technology (IT) analyst,Information systems specialists,Ontario,Toronto,Toronto Region,41.0,41.0,Hour,Hour,85280.0,85280.0,85280.0,,,,,,apr2026
15495747,2026/04/25,21211,artificial intelligence (AI) consultant,Data scientists,Ontario,Toronto,Toronto Region,26.0,78.0,Hour,Hour,54080.0,162240.0,108160.0,,,,,,apr2026
15495661,2026/04/25,21221,business systems analyst,Business systems specialists,Ontario,Toronto,Toronto Region,30.67,62.5,Hour,Hour,63793.600000000006,130000.0,96896.8,,,,,,apr2026
15496081,2026/04/25,21211,data scientist,Data scientists,Ontario,Toronto,Toronto Region,30.0,69.74,Hour,Hour,62400.0,145059.19999999998,103729.59999999999,,,,,,apr2026
15484693,2026/04/22,21222,solutions architect - information technology (IT),Information systems specialists,Ontario,Toronto,Toronto Region,28.85,68.68,Hour,Hour,60008.0,142854.40000000002,101431.20000000001,,,,,,apr2026
15497500,2026/04/26,21222,information technology (IT) analyst,Information systems specialists,Ontario,Toronto,Toronto Region,35.0,35.0,Hour,Hour,72800.0,72800.0,72800.0,,,,,,apr2026
15486124,2026/04/22,21222,"analyst, systems",Information systems specialists,Ontario,Toronto,Toronto Region,28.85,68.68,Hour,Hour,60008.0,142854.40000000002,101431.20000000001,,,,,,apr2026
15496487,2026/04/26,21221,IT (information technology) business analyst,Business systems specialists,Ontario,Toronto,Toronto Region,30.67,62.5,Hour,Hour,63793.600000000006,130000.0,96896.8,,,,,,apr2026
15497481,2026/04/26,21222,information technology (IT) analyst,Information systems specialists,Ontario,Toronto,Toronto Region,80.0,80.0,Hour,Hour,166400.0,166400.0,166400.0,,,,,,apr2026
15508951,2026/04/29,21222,information technology (IT) analyst,Information systems specialists,Ontario,Toronto,Toronto Region,45.0,45.0,Hour,Hour,93600.0,93600.0,93600.0,,,,,,apr2026
15508937,2026/04/27,21222,information technology (IT) analyst,Information systems specialists,Ontario,Toronto,Toronto Region,80000.0,80000.0,Year,Year,80000.0,80000.0,80000.0,,,,,,apr2026
15508794,2026/04/28,21222,information technology (IT) analyst,Information systems specialists,Ontario,Toronto,Toronto Region,80.0,80.0,Hour,Hour,166400.0,166400.0,166400.0,,,,,,apr2026
15508883,2026/04/28,21222,information technology (IT) analyst,Information systems specialists,Ontario,Toronto,Toronto Region,180.0,180.0,Day,Day,46800.0,46800.0,46800.0,,,,,,apr2026
15508902,2026/04/28,21222,information technology (IT) analyst,Information systems specialists,Ontario,Toronto,Toronto Region,38.0,38.0,Hour,Hour,79040.0,79040.0,79040.0,,,,,,apr2026
15508739,2026/04/28,21222,information technology (IT) analyst,Information systems specialists,Ontario,Toronto,Toronto Region,70.0,70.0,Hour,Hour,145600.0,145600.0,145600.0,,,,,,apr2026
15380491,2026/04/06,21222,information technology (IT) analyst,Information systems specialists,Ontario,LaSalle,Windsor-Sarnia Region,20.0,20.0,Hour,Hour,41600.0,41600.0,41600.0,,,,,,apr2026
15380504,2026/04/06,21221,business systems analyst,Business systems specialists,Ontario,Vittoria,Hamilton–Niagara Peninsula Region,75000.0,95000.0,Year,Year,75000.0,95000.0,85000.0,,,,,,apr2026
15468773,2026/04/16,21222,information technology (IT) analyst,Information systems specialists,Ontario,Kitchener,Kitchener–Waterloo–Barrie Region,60000.0,60000.0,Year,Year,60000.0,60000.0,60000.0,,,,,,apr2026
15481103,2026/04/17,21222,information technology (IT) analyst,Information systems specialists,Ontario,London,London Region,28.83,28.83,Hour,Hour,59966.399999999994,59966.399999999994,59966.399999999994,,,,,,apr2026
15497527,2026/04/24,21222,information technology (IT) analyst,Information systems specialists,Ontario,London,London Region,75000.0,95000.0,Year,Year,75000.0,95000.0,85000.0,,,,,,apr2026
15368932,2026/04/01,21222,information technology (IT) analyst,Information systems specialists,Ontario,Milton,Toronto Region,28.0,28.0,Hour,Hour,58240.0,58240.0,58240.0,,,,,,apr2026
15380493,2026/04/06,21222,information technology (IT) analyst,Information systems specialists,Ontario,,,65000.0,85000.0,Hour,Year,65000.0,85000.0,75000.0,,,,,,apr2026
15387911,2026/04/07,21222,information technology (IT) analyst,Information systems specialists,Ontario,Markham,Toronto Region,30.0,30.0,Hour,Hour,62400.0,62400.0,62400.0,,,,,,apr2026
15386020,2026/04/08,21222,technical project manager,Information systems specialists,Ontario,Ottawa,Ottawa Region,60.0,70.0,Hour,Hour,124800.0,145600.0,135200.0,Bachelor's degree,5 years or more,37.5,40.0,Week,apr2026
15432319,2026/04/13,21222,MIS (management information systems) analyst,Information systems specialists,Ontario,Mississauga,Toronto Region,48.5,48.5,Hour,Hour,100880.0,100880.0,100880.0,"College, CEGEP or other non-university certificate or diploma from a program of 1 year to 2 years",1 year to less than 2 years,30.0,40.0,Week,apr2026
15375245,2026/04/02,21223,data analyst - informatics and systems,Database analysts and data administrators,Ontario,Toronto,Toronto Region,25.0,61.03,Hour,Hour,52000.0,126942.40000000001,89471.20000000001,,,,,,apr2026
15372965,2026/04/02,21211,artificial intelligence (AI) consultant,Data scientists,Ontario,Toronto,Toronto Region,30.0,69.74,Hour,Hour,62400.0,145059.19999999998,103729.59999999999,,,,,,apr2026
15430319,2026/04/13,21222,"analyst, information technology (IT)",Information systems specialists,Ontario,Toronto,Toronto Region,28.85,68.68,Hour,Hour,60008.0,142854.40000000002,101431.20000000001,,,,,,apr2026
15469311,2026/04/13,21222,information technology (IT) analyst,Information systems specialists,Ontario,Toronto,Toronto Region,40.0,40.0,Hour,Hour,83200.0,83200.0,83200.0,,,,,,apr2026
15468954,2026/04/13,21222,information technology (IT) analyst,Information systems specialists,Ontario,Toronto,Toronto Region,25.0,25.0,Hour,Hour,52000.0,52000.0,52000.0,,,,,,apr2026
15379077,2026/04/06,21221,business systems analyst,Business systems specialists,Ontario,Toronto,Toronto Region,30.67,62.5,Hour,Hour,63793.600000000006,130000.0,96896.8,,,,,,apr2026
15387434,2026/04/09,21223,data analyst - informatics and systems,Database analysts and data administrators,Ontario,Toronto,Toronto Region,25.0,61.03,Hour,Hour,52000.0,126942.40000000001,89471.20000000001,,,,,,apr2026
15397056,2026/04/09,21222,information technology (IT) analyst,Information systems specialists,Ontario,Toronto,Toronto Region,58707.0,58707.0,Year,Year,58707.0,58707.0,58707.0,,,,,,apr2026
15397085,2026/04/10,21222,information technology (IT) analyst,Information systems specialists,Ontario,Toronto,Toronto Region,60000.0,60000.0,Year,Year,60000.0,60000.0,60000.0,,,,,,apr2026
15508417,2026/04/30,21222,"analyst, systems",Information systems specialists,Ontario,Toronto,Toronto Region,28.85,68.68,Hour,Hour,60008.0,142854.40000000002,101431.20000000001,,,,,,apr2026
15430624,2026/04/11,21222,information technology (IT) analyst,Information systems specialists,Ontario,Toronto,Toronto Region,55000.0,55000.0,Year,Year,55000.0,55000.0,55000.0,,,,,,apr2026
15469306,2026/04/14,21222,information technology (IT) analyst,Information systems specialists,Ontario,Toronto,Toronto Region,60.0,60.0,Hour,Hour,124800.0,124800.0,124800.0,,,,,,apr2026
15469042,2026/04/14,21211,data engineer,Data scientists,Ontario,Toronto,Toronto Region,86.0,86.0,Hour,Hour,178880.0,178880.0,178880.0,,,,,,apr2026
15460578,2026/04/14,21222,information technology (IT) project manager,Information systems specialists,Ontario,Toronto,Toronto Region,64400.0,80500.0,Year,Year,64400.0,80500.0,72450.0,"College, CEGEP or other non-university certificate or diploma from a program of 1 year to 2 years",3 years to less than 5 years,36.25,36.25,Week,apr2026
15470462,2026/04/16,21211,artificial intelligence (AI) consultant,Data scientists,Ontario,Toronto,Toronto Region,30.0,69.74,Hour,Hour,62400.0,145059.19999999998,103729.59999999999,,,,,,apr2026
15468319,2026/04/16,21222,"analyst, systems",Information systems specialists,Ontario,Toronto,Toronto Region,28.85,68.68,Hour,Hour,60008.0,142854.40000000002,101431.20000000001,,,,,,apr2026
15469469,2026/04/15,21222,information technology (IT) analyst,Information systems specialists,Ontario,Toronto,Toronto Region,25.0,25.0,Hour,Hour,52000.0,52000.0,52000.0,,,,,,apr2026
15468243,2026/04/15,21223,database architect (DBA),Database analysts and data administrators,Ontario,Toronto,Toronto Region,70.0,70.0,Hour,Hour,145600.0,145600.0,145600.0,Bachelor's degree,5 years or more,65.0,80.0,Bi-weekly,apr2026
15468779,2026/04/15,21222,information technology (IT) analyst,Information systems specialists,Ontario,Toronto,Toronto Region,35.0,35.0,Hour,Hour,72800.0,72800.0,72800.0,,,,,,apr2026
15488697,2026/04/21,21222,information technology (IT) analyst,Information systems specialists,Ontario,Toronto,Toronto Region,40.0,40.0,Hour,Hour,83200.0,83200.0,83200.0,,,,,,apr2026
15488670,2026/04/21,21211,data engineer,Data scientists,Ontario,Toronto,Toronto Region,10000.0,10000.0,Month,Month,120000.0,120000.0,120000.0,,,,,,apr2026
15488884,2026/04/21,21222,information technology (IT) analyst,Information systems specialists,Ontario,Toronto,Toronto Region,25.0,25.0,Hour,Hour,52000.0,52000.0,52000.0,,,,,,apr2026
15486128,2026/04/22,21211,artificial intelligence (AI) consultant,Data scientists,Ontario,Toronto,Toronto Region,30.0,69.74,Hour,Hour,62400.0,145059.19999999998,103729.59999999999,,,,,,apr2026
15492073,2026/04/24,21221,business systems analyst,Business systems specialists,Ontario,Toronto,Toronto Region,30.67,62.5,Hour,Hour,63793.600000000006,130000.0,96896.8,,,,,,apr2026
15496408,2026/04/25,21221,business systems analyst,Business systems specialists,Ontario,Toronto,Toronto Region,30.67,62.5,Hour,Hour,63793.600000000006,130000.0,96896.8,,,,,,apr2026
15497347,2026/04/26,21222,information technology (IT) analyst,Information systems specialists,Ontario,Toronto,Toronto Region,55.0,55.0,Hour,Hour,114400.0,114400.0,114400.0,,,,,,apr2026
15496904,2026/04/26,21223,data analyst - informatics and systems,Database analysts and data administrators,Ontario,Toronto,Toronto Region,25.0,61.03,Hour,Hour,52000.0,126942.40000000001,89471.20000000001,,,,,,apr2026
15497169,2026/04/27,21222,"analyst, systems",Information systems specialists,Ontario,Toronto,Toronto Region,28.85,68.68,Hour,Hour,60008.0,142854.40000000002,101431.20000000001,,,,,,apr2026
15504993,2026/04/28,21211,artificial intelligence (AI) consultant,Data scientists,Ontario,Toronto,Toronto Region,135000.0,155000.0,Year,Year,135000.0,155000.0,145000.0,,,,,,apr2026
15502730,2026/04/28,21211,data scientist,Data scientists,Ontario,Toronto,Toronto Region,30.0,69.74,Hour,Hour,62400.0,145059.19999999998,103729.59999999999,,,,,,apr2026
15507745,2026/04/29,21221,business systems analyst,Business systems specialists,Ontario,Etobicoke,Toronto Region,71000.0,71000.0,Year,Year,71000.0,71000.0,71000.0,Bachelor's degree,2 years to less than 3 years,30.0,35.0,Week,apr2026
15481002,2026/04/17,21222,information technology (IT) analyst,Information systems specialists,Ontario,London,London Region,28.83,28.83,Hour,Hour,59966.399999999994,59966.399999999994,59966.399999999994,,,,,,apr2026
15501263,2026/04/27,21222,information technology (IT) analyst,Information systems specialists,Ontario,Hamilton,Hamilton–Niagara Peninsula Region,40000.0,40000.0,Year,Year,40000.0,40000.0,40000.0,,,,,,apr2026
15430587,2026/04/03,21222,information technology (IT) analyst,Information systems specialists,Ontario,,,3200.0,4000.0,Year,Month,38400.0,48000.0,43200.0,,,,,,apr2026
15468925,2026/04/15,21222,information technology (IT) analyst,Information systems specialists,Ontario,Brantford,Hamilton–Niagara Peninsula Region,22.0,22.0,Hour,Hour,45760.0,45760.0,45760.0,,,,,,apr2026
15369151,2026/04/01,21223,database analyst,Database analysts and data administrators,Ontario,Nepean,Ottawa Region,150000.0,170000.0,Year,Year,150000.0,170000.0,160000.0,Bachelor's degree,5 years or more,37.5,37.5,Week,apr2026
15397060,2026/04/09,21222,information technology (IT) analyst,Information systems specialists,Ontario,North Bay,Northeast Region,121000.0,154000.0,Year,Year,121000.0,154000.0,137500.0,,,,,,apr2026
15477281,2026/04/20,21211,Data Analytics Specialist,Data scientists,Ontario,Ottawa,Ottawa Region,94193.0,94193.0,Year,Year,94193.0,94193.0,94193.0,,,,,,apr2026
15481194,2026/04/20,21222,information technology (IT) analyst,Information systems specialists,Ontario,Ottawa,Ottawa Region,140000.0,200000.0,Year,Year,140000.0,200000.0,170000.0,,,,,,apr2026
15481089,2026/04/16,21211,data engineer,Data scientists,Ontario,Windsor,Windsor-Sarnia Region,36.8,38.11,Hour,Hour,76544.0,79268.8,77906.4,,,,,,apr2026
15382525,2026/04/07,21222,information systems analyst - computer systems,Information systems specialists,Ontario,Mississauga,Toronto Region,48.08,48.08,Hour,Hour,100006.4,100006.4,100006.4,Bachelor's degree,2 years to less than 3 years,30.0,44.0,Week,apr2026
15430513,2026/04/10,21222,information technology (IT) analyst,Information systems specialists,Ontario,Mississauga,Toronto Region,100000.0,100000.0,Year,Year,100000.0,100000.0,100000.0,,,,,,apr2026
15508791,2026/04/29,21222,information technology (IT) analyst,Information systems specialists,Ontario,Mississauga,Toronto Region,72000.0,72000.0,Year,Year,72000.0,72000.0,72000.0,,,,,,apr2026
15380550,2026/04/06,21222,information technology (IT) analyst,Information systems specialists,Ontario,Oshawa,Toronto Region,75.98,92.58,Hour,Hour,158038.4,192566.4,175302.4,,,,,,apr2026
15441541,2026/04/10,21223,data analyst - informatics and systems,Database analysts and data administrators,Ontario,Oshawa,Toronto Region,36.02,36.02,Hour,Hour,74921.6,74921.6,74921.6,,,,,,apr2026
15369710,2026/04/01,21222,"quality assurance analyst, information systems",Information systems specialists,Ontario,Toronto,Toronto Region,28.85,68.68,Hour,Hour,60008.0,142854.40000000002,101431.20000000001,,,,,,apr2026
15376182,2026/04/03,21211,data scientist,Data scientists,Ontario,Toronto,Toronto Region,30.0,69.74,Hour,Hour,62400.0,145059.19999999998,103729.59999999999,,,,,,apr2026
15375310,2026/04/03,21211,artificial intelligence (AI) consultant,Data scientists,Ontario,Toronto,Toronto Region,30.0,69.74,Hour,Hour,62400.0,145059.19999999998,103729.59999999999,,,,,,apr2026
15377002,2026/04/04,21222,solutions architect - information technology (IT),Information systems specialists,Ontario,Toronto,Toronto Region,28.85,68.68,Hour,Hour,60008.0,142854.40000000002,101431.20000000001,,,,,,apr2026
15430461,2026/04/13,21221,informatics business analyst,Business systems specialists,Ontario,Toronto,Toronto Region,27.0,62.0,Hour,Hour,56160.0,128960.0,92560.0,,,,,,apr2026
15387419,2026/04/08,21222,"analyst, computer",Information systems specialists,Ontario,Toronto,Toronto Region,28.85,68.68,Hour,Hour,60008.0,142854.40000000002,101431.20000000001,,,,,,apr2026
15384635,2026/04/08,21211,data engineer,Data scientists,Ontario,Toronto,Toronto Region,98000.0,98000.0,Year,Year,98000.0,98000.0,98000.0,Bachelor's degree,5 years or more,37.5,37.5,Week,apr2026
15389596,2026/04/09,21222,"analyst, systems",Information systems specialists,Ontario,Toronto,Toronto Region,28.85,68.68,Hour,Hour,60008.0,142854.40000000002,101431.20000000001,,,,,,apr2026
15410057,2026/04/10,21222,"analyst, information technology (IT)",Information systems specialists,Ontario,Toronto,Toronto Region,28.85,68.68,Hour,Hour,60008.0,142854.40000000002,101431.20000000001,,,,,,apr2026
15402241,2026/04/10,21221,"business analyst, informatics",Business systems specialists,Ontario,Toronto,Toronto Region,30.67,62.5,Hour,Hour,63793.600000000006,130000.0,96896.8,,,,,,apr2026
15509813,2026/04/30,21211,artificial intelligence (AI) consultant,Data scientists,Ontario,Toronto,Toronto Region,30.0,69.74,Hour,Hour,62400.0,145059.19999999998,103729.59999999999,,,,,,apr2026
15429425,2026/04/11,21222,"analyst, systems",Information systems specialists,Ontario,Toronto,Toronto Region,28.85,68.68,Hour,Hour,60008.0,142854.40000000002,101431.20000000001,,,,,,apr2026
15481030,2026/04/20,21222,information technology (IT) analyst,Information systems specialists,Ontario,Toronto,Toronto Region,35.0,35.0,Hour,Hour,72800.0,72800.0,72800.0,,,,,,apr2026
15469245,2026/04/14,21222,information technology (IT) analyst,Information systems specialists,Ontario,Toronto,Toronto Region,41.0,41.0,Hour,Hour,85280.0,85280.0,85280.0,,,,,,apr2026
15436082,2026/04/14,21222,solutions architect - information technology (IT),Information systems specialists,Ontario,Toronto,Toronto Region,28.85,68.68,Hour,Hour,60008.0,142854.40000000002,101431.20000000001,,,,,,apr2026
15477036,2026/04/20,21221,business systems analyst,Business systems specialists,Ontario,Toronto,Toronto Region,30.67,62.5,Hour,Hour,63793.600000000006,130000.0,96896.8,,,,,,apr2026
15429821,2026/04/12,21221,business systems analyst,Business systems specialists,Ontario,Toronto,Toronto Region,30.67,62.5,Hour,Hour,63793.600000000006,130000.0,96896.8,,,,,,apr2026
15481193,2026/04/16,21222,information technology (IT) analyst,Information systems specialists,Ontario,Toronto,Toronto Region,20.0,20.0,Hour,Hour,41600.0,41600.0,41600.0,,,,,,apr2026
15481094,2026/04/16,21222,information technology (IT) analyst,Information systems specialists,Ontario,Toronto,Toronto Region,35.0,35.0,Hour,Hour,72800.0,72800.0,72800.0,,,,,,apr2026
15468309,2026/04/15,21222,"analyst, systems",Information systems specialists,Ontario,Toronto,Toronto Region,28.85,68.68,Hour,Hour,60008.0,142854.40000000002,101431.20000000001,,,,,,apr2026
15465763,2026/04/15,21222,"analyst, computer systems",Information systems specialists,Ontario,Toronto,Toronto Region,28.85,68.68,Hour,Hour,60008.0,142854.40000000002,101431.20000000001,,,,,,apr2026
15470616,2026/04/16,21211,artificial intelligence (AI) consultant,Data scientists,Ontario,Toronto,Toronto Region,30.0,69.74,Hour,Hour,62400.0,145059.19999999998,103729.59999999999,,,,,,apr2026
15470699,2026/04/16,21222,solutions architect - information technology (IT),Information systems specialists,Ontario,Toronto,Toronto Region,28.85,68.68,Hour,Hour,60008.0,142854.40000000002,101431.20000000001,,,,,,apr2026
15472437,2026/04/17,21222,"analyst, systems",Information systems specialists,Ontario,Toronto,Toronto Region,28.85,68.68,Hour,Hour,60008.0,142854.40000000002,101431.20000000001,,,,,,apr2026
15488971,2026/04/17,21222,information technology (IT) analyst,Information systems specialists,Ontario,Toronto,Toronto Region,50000.0,50000.0,Year,Year,50000.0,50000.0,50000.0,,,,,,apr2026
15488707,2026/04/21,21222,information technology (IT) analyst,Information systems specialists,Ontario,Toronto,Toronto Region,80.0,80.0,Hour,Hour,166400.0,166400.0,166400.0,,,,,,apr2026
15488879,2026/04/21,21222,information technology (IT) analyst,Information systems specialists,Ontario,Toronto,Toronto Region,60.0,60.0,Hour,Hour,124800.0,124800.0,124800.0,,,,,,apr2026
15492486,2026/04/23,21222,information technology (IT) analyst,Information systems specialists,Ontario,Toronto,Toronto Region,40.0,40.0,Hour,Hour,83200.0,83200.0,83200.0,,,,,,apr2026
15490050,2026/04/23,21222,"analyst, systems",Information systems specialists,Ontario,Toronto,Toronto Region,28.85,68.68,Hour,Hour,60008.0,142854.40000000002,101431.20000000001,,,,,,apr2026
15497339,2026/04/24,21211,data engineer,Data scientists,Ontario,Toronto,Toronto Region,10000.0,10000.0,Month,Month,120000.0,120000.0,120000.0,,,,,,apr2026
15497450,2026/04/24,21211,data engineer,Data scientists,Ontario,Toronto,Toronto Region,86000.0,86000.0,Year,Year,86000.0,86000.0,86000.0,,,,,,apr2026
15492596,2026/04/24,21211,data engineer,Data scientists,Ontario,Toronto,Toronto Region,10000.0,10000.0,Month,Month,120000.0,120000.0,120000.0,,,,,,apr2026
15497377,2026/04/25,21222,information technology (IT) analyst,Information systems specialists,Ontario,Toronto,Toronto Region,77890.0,90980.0,Year,Year,77890.0,90980.0,84435.0,,,,,,apr2026
15496169,2026/04/25,21211,data scientist,Data scientists,Ontario,Toronto,Toronto Region,30.0,69.74,Hour,Hour,62400.0,145059.19999999998,103729.59999999999,,,,,,apr2026
15488745,2026/04/22,21211,quantitative analyst,Data scientists,Ontario,Toronto,Toronto Region,25.0,25.0,Hour,Hour,52000.0,52000.0,52000.0,,,,,,apr2026
15508943,2026/04/29,21222,information technology (IT) analyst,Information systems specialists,Ontario,Toronto,Toronto Region,45.0,45.0,Hour,Hour,93600.0,93600.0,93600.0,,,,,,apr2026
15502634,2026/04/28,21211,data scientist,Data scientists,Ontario,Toronto,Toronto Region,30.0,69.74,Hour,Hour,62400.0,145059.19999999998,103729.59999999999,,,,,,apr2026
15508734,2026/04/28,21222,information technology (IT) analyst,Information systems specialists,Ontario,Toronto,Toronto Region,45.0,45.0,Hour,Hour,93600.0,93600.0,93600.0,,,,,,apr2026
15508753,2026/04/28,21222,information technology (IT) analyst,Information systems specialists,Ontario,Toronto,Toronto Region,35.0,35.0,Hour,Hour,72800.0,72800.0,72800.0,,,,,,apr2026
15508391,2026/04/28,21221,business systems analyst,Business systems specialists,Ontario,Toronto,Toronto Region,27.0,62.0,Hour,Hour,56160.0,128960.0,92560.0,,,,,,apr2026
15384377,2026/04/08,21222,systems implementation consultant ,Information systems specialists,Ontario,La Salette,Hamilton–Niagara Peninsula Region,25.0,26.0,Hour,Hour,52000.0,54080.0,53040.0,Secondary (high) school graduation certificate,2 years to less than 3 years,30.0,50.0,Week,apr2026
15430519,2026/04/10,21222,information technology (IT) analyst,Information systems specialists,Ontario,Hamilton,Hamilton–Niagara Peninsula Region,23.0,25.0,Hour,Hour,47840.0,52000.0,49920.0,,,,,,apr2026
15465798,2026/04/15,21221,information technology (IT) business analyst,Business systems specialists,Ontario,Milton,Toronto Region,52.88,57.7,Hour,Hour,109990.40000000001,120016.0,115003.20000000001,Bachelor's degree,5 years or more,37.5,37.5,Week,apr2026
15368747,2026/04/01,21222,information technology (IT) analyst,Information systems specialists,Ontario,,,85000.0,85000.0,Year,Year,85000.0,85000.0,85000.0,,,,,,apr2026
15489025,2026/04/21,21222,information technology (IT) analyst,Information systems specialists,Ontario,Cobourg,Muskoka–Kawarthas Region,30.0,30.0,Hour,Hour,62400.0,62400.0,62400.0,,,,,,apr2026
15387620,2026/04/07,21222,information technology (IT) analyst,Information systems specialists,Ontario,Hanover,Stratford–Bruce Peninsula Region,55000.0,60000.0,Year,Year,55000.0,60000.0,57500.0,,,,,,apr2026
15488729,2026/04/21,21222,information technology (IT) analyst,Information systems specialists,Ontario,North Bay,Northeast Region,28.0,30.0,Hour,Hour,58240.0,62400.0,60320.0,,,,,,apr2026
15374565,2026/04/02,21223,"administrator, database",Database analysts and data administrators,Ontario,Ottawa,Ottawa Region,77120.0,90780.0,Hour,Year,77120.0,90780.0,83950.0,,,,,,apr2026
15415785,2026/04/06,21222,informatics consultant,Information systems specialists,Ontario,Ottawa,Ottawa Region,110651.68,110651.68,Year,Year,110651.68,110651.68,110651.68,,,,,,apr2026
15497351,2026/04/25,21222,information technology (IT) analyst,Information systems specialists,Ontario,Ottawa,Ottawa Region,77890.0,90980.0,Year,Year,77890.0,90980.0,84435.0,,,,,,apr2026
15429421,2026/04/11,21222,"analyst, information technology (IT)",Information systems specialists,Ontario,Mississauga,Toronto Region,28.85,68.68,Hour,Hour,60008.0,142854.40000000002,101431.20000000001,,,,,,apr2026
15380571,2026/04/03,21222,information technology (IT) analyst,Information systems specialists,Ontario,Toronto,Toronto Region,21.0,23.0,Hour,Hour,43680.0,47840.0,45760.0,,,,,,apr2026
15468769,2026/04/13,21222,information technology (IT) analyst,Information systems specialists,Ontario,Toronto,Toronto Region,25.0,25.0,Hour,Hour,52000.0,52000.0,52000.0,,,,,,apr2026
15469375,2026/04/13,21222,information technology (IT) analyst,Information systems specialists,Ontario,Toronto,Toronto Region,80.0,80.0,Hour,Hour,166400.0,166400.0,166400.0,,,,,,apr2026
15469507,2026/04/13,21222,information technology (IT) analyst,Information systems specialists,Ontario,Toronto,Toronto Region,80.0,80.0,Hour,Hour,166400.0,166400.0,166400.0,,,,,,apr2026
15431913,2026/04/13,21211,artificial intelligence (AI) consultant,Data scientists,Ontario,Toronto,Toronto Region,30.0,69.74,Hour,Hour,62400.0,145059.19999999998,103729.59999999999,,,,,,apr2026
15430666,2026/04/09,21211,data engineer,Data scientists,Ontario,Toronto,Toronto Region,10000.0,10000.0,Month,Month,120000.0,120000.0,120000.0,,,,,,apr2026
15388974,2026/04/09,21211,machine learning specialist,Data scientists,Ontario,Toronto,Toronto Region,125800.0,157300.0,Year,Year,125800.0,157300.0,141550.0,Bachelor's degree,3 years to less than 5 years,36.25,36.25,Week,apr2026
15397105,2026/04/09,21222,information technology (IT) analyst,Information systems specialists,Ontario,Toronto,Toronto Region,50000.0,50000.0,Year,Year,50000.0,50000.0,50000.0,,,,,,apr2026
15468923,2026/04/14,21222,information technology (IT) analyst,Information systems specialists,Ontario,Toronto,Toronto Region,45.0,45.0,Hour,Hour,93600.0,93600.0,93600.0,,,,,,apr2026
15410058,2026/04/11,21221,business systems analyst,Business systems specialists,Ontario,Toronto,Toronto Region,30.67,62.5,Hour,Hour,63793.600000000006,130000.0,96896.8,,,,,,apr2026
15436073,2026/04/14,21222,management information systems (MIS) analyst,Information systems specialists,Ontario,Toronto,Toronto Region,28.85,68.68,Hour,Hour,60008.0,142854.40000000002,101431.20000000001,,,,,,apr2026
15480652,2026/04/20,21211,data engineer,Data scientists,Ontario,Toronto,Toronto Region,10000.0,10000.0,Month,Month,120000.0,120000.0,120000.0,,,,,,apr2026
15477932,2026/04/20,21211,artificial intelligence (AI) consultant,Data scientists,Ontario,Toronto,Toronto Region,30.0,69.74,Hour,Hour,62400.0,145059.19999999998,103729.59999999999,,,,,,apr2026
15463287,2026/04/15,21223,data analyst - informatics and systems,Database analysts and data administrators,Ontario,Toronto,Toronto Region,25.0,61.03,Hour,Hour,52000.0,126942.40000000001,89471.20000000001,,,,,,apr2026
15463301,2026/04/15,21222,"analyst, systems",Information systems specialists,Ontario,Toronto,Toronto Region,28.85,68.68,Hour,Hour,60008.0,142854.40000000002,101431.20000000001,,,,,,apr2026
15473890,2026/04/17,21211,artificial intelligence (AI) consultant,Data scientists,Ontario,Toronto,Toronto Region,30.0,69.74,Hour,Hour,62400.0,145059.19999999998,103729.59999999999,,,,,,apr2026
15482442,2026/04/21,21222,data processing consultant,Information systems specialists,Ontario,Toronto,Toronto Region,28.85,68.68,Hour,Hour,60008.0,142854.40000000002,101431.20000000001,,,,,,apr2026
15488836,2026/04/22,21222,information technology (IT) analyst,Information systems specialists,Ontario,Toronto,Toronto Region,90.0,90.0,Hour,Hour,187200.0,187200.0,187200.0,,,,,,apr2026
15501279,2026/04/24,21211,data engineer,Data scientists,Ontario,Toronto,Toronto Region,10000.0,10000.0,Month,Month,120000.0,120000.0,120000.0,,,,,,apr2026
15492299,2026/04/23,21211,data engineer,Data scientists,Ontario,Toronto,Toronto Region,110000.0,110000.0,Year,Year,110000.0,110000.0,110000.0,,,,,,apr2026
15496089,2026/04/25,21211,artificial intelligence (AI) consultant,Data scientists,Ontario,Toronto,Toronto Region,30.0,69.74,Hour,Hour,62400.0,145059.19999999998,103729.59999999999,,,,,,apr2026
15501278,2026/04/25,21222,information technology (IT) analyst,Information systems specialists,Ontario,Toronto,Toronto Region,77890.0,90980.0,Year,Year,77890.0,90980.0,84435.0,,,,,,apr2026
15495636,2026/04/25,21222,solutions architect - information technology (IT),Information systems specialists,Ontario,Toronto,Toronto Region,28.85,68.68,Hour,Hour,60008.0,142854.40000000002,101431.20000000001,,,,,,apr2026
15497455,2026/04/26,21222,information technology (IT) analyst,Information systems specialists,Ontario,Toronto,Toronto Region,80.0,80.0,Hour,Hour,166400.0,166400.0,166400.0,,,,,,apr2026
15496867,2026/04/26,21211,data mining analyst,Data scientists,Ontario,Toronto,Toronto Region,30.0,69.74,Hour,Hour,62400.0,145059.19999999998,103729.59999999999,,,,,,apr2026
15497400,2026/04/26,21222,information technology (IT) analyst,Information systems specialists,Ontario,Toronto,Toronto Region,22.0,22.0,Hour,Hour,45760.0,45760.0,45760.0,,,,,,apr2026
15496877,2026/04/26,21221,business systems analyst,Business systems specialists,Ontario,Toronto,Toronto Region,30.67,62.5,Hour,Hour,63793.600000000006,130000.0,96896.8,,,,,,apr2026
15501311,2026/04/27,21222,information technology (IT) analyst,Information systems specialists,Ontario,Toronto,Toronto Region,60000.0,95000.0,Year,Year,60000.0,95000.0,77500.0,,,,,,apr2026
15508841,2026/04/28,21222,information technology (IT) analyst,Information systems specialists,Ontario,Toronto,Toronto Region,65000.0,90000.0,Year,Year,65000.0,90000.0,77500.0,,,,,,apr2026
15481234,2026/04/20,21222,information technology (IT) analyst,Information systems specialists,Ontario,Bowmanville,Toronto Region,45000.0,47000.0,Year,Year,45000.0,47000.0,46000.0,,,,,,apr2026
15500208,2026/04/27,21222,information technology (IT) specialist,Information systems specialists,Ontario,Kitchener,Kitchener–Waterloo–Barrie Region,45000.0,50000.0,Year,Year,45000.0,50000.0,47500.0,Bachelor's degree,3 years to less than 5 years,37.5,37.5,Week,apr2026
15430626,2026/04/11,21222,information technology (IT) analyst,Information systems specialists,Ontario,Hamilton,Hamilton–Niagara Peninsula Region,24.89,24.89,Hour,Hour,51771.200000000004,51771.200000000004,51771.200000000004,,,,,,apr2026
15430584,2026/04/11,21222,information technology (IT) analyst,Information systems specialists,Ontario,Vaughan,Toronto Region,75000.0,75000.0,Year,Year,75000.0,75000.0,75000.0,,,,,,apr2026
15290032,2026/02/26,21222,information technology (IT) analyst,Information systems specialists,Ontario,Pickering,Toronto Region,30.0,30.0,Hour,Hour,62400.0,62400.0,62400.0,,,,,,feb2026
15280697,2026/02/20,21222,information technology (IT) analyst,Information systems specialists,Ontario,Cambridge,Kitchener–Waterloo–Barrie Region,48000.0,48000.0,Year,Year,48000.0,48000.0,48000.0,,,,,,feb2026
15293623,2026/02/27,21222,information technology (IT) analyst,Information systems specialists,Ontario,North Bay,Northeast Region,194.0,194.0,Day,Day,50440.0,50440.0,50440.0,,,,,,feb2026
15280824,2026/02/14,21211,data scientist,Data scientists,Ontario,Ottawa,Ottawa Region,100000.0,100000.0,Year,Year,100000.0,100000.0,100000.0,,,,,,feb2026
15235405,2026/02/03,21222,IT (information technology) consultant,Information systems specialists,Ontario,Sudbury,Northeast Region,24.0,25.0,Hour,Hour,49920.0,52000.0,50960.0,"College, CEGEP or other non-university certificate or diploma from a program of 3 months to less than 1 year",1 year to less than 2 years,20.0,40.0,Week,feb2026
15280728,2026/02/19,21222,information technology (IT) analyst,Information systems specialists,Ontario,Brampton,Toronto Region,10000.0,10000.0,Month,Month,120000.0,120000.0,120000.0,,,,,,feb2026
15285112,2026/02/22,21222,information technology (IT) analyst,Information systems specialists,Ontario,Mississauga,Toronto Region,100000.0,100000.0,Year,Year,100000.0,100000.0,100000.0,,,,,,feb2026
15251176,2026/02/10,21222,applications analyst - computer systems,Information systems specialists,Ontario,Mississauga,Toronto Region,26.0,63.0,Hour,Hour,54080.0,131040.0,92560.0,,,,,,feb2026
15262475,2026/02/07,21211,data scientist,Data scientists,Ontario,Mississauga,Toronto Region,30.0,69.74,Hour,Hour,62400.0,145059.19999999998,103729.59999999999,,,,,,feb2026
15257881,2026/02/12,21223,database analyst,Database analysts and data administrators,Ontario,Mississauga,Toronto Region,44.6,44.6,Hour,Hour,92768.0,92768.0,92768.0,Bachelor's degree,1 year to less than 2 years,30.0,30.0,Week,feb2026
15244646,2026/02/05,21222,information technology (IT) analyst,Information systems specialists,Ontario,Mississauga,Toronto Region,50000.0,50000.0,Year,Year,50000.0,50000.0,50000.0,,,,,,feb2026
15281103,2026/02/21,21222,information technology (IT) analyst,Information systems specialists,Ontario,Toronto,Toronto Region,75593.0,75593.0,Year,Year,75593.0,75593.0,75593.0,,,,,,feb2026
15293684,2026/02/27,21222,information technology (IT) analyst,Information systems specialists,Ontario,Toronto,Toronto Region,18.0,20.0,Hour,Hour,37440.0,41600.0,39520.0,,,,,,feb2026
15292168,2026/02/28,21211,data mining analyst,Data scientists,Ontario,Toronto,Toronto Region,30.0,69.74,Hour,Hour,62400.0,145059.19999999998,103729.59999999999,,,,,,feb2026
15246669,2026/02/07,21221,business systems analyst,Business systems specialists,Ontario,Toronto,Toronto Region,30.67,62.5,Hour,Hour,63793.600000000006,130000.0,96896.8,,,,,,feb2026
15263329,2026/02/14,21221,business systems analyst,Business systems specialists,Ontario,Toronto,Toronto Region,30.67,62.5,Hour,Hour,63793.600000000006,130000.0,96896.8,,,,,,feb2026
15280596,2026/02/24,21211,data scientist,Data scientists,Ontario,Toronto,Toronto Region,30.0,69.74,Hour,Hour,62400.0,145059.19999999998,103729.59999999999,,,,,,feb2026
15290069,2026/02/26,21222,information technology (IT) analyst,Information systems specialists,Ontario,Toronto,Toronto Region,40.0,40.0,Hour,Hour,83200.0,83200.0,83200.0,,,,,,feb2026
15286785,2026/02/24,21222,information technology (IT) analyst,Information systems specialists,Ontario,Toronto,Toronto Region,93000.0,113000.0,Year,Year,93000.0,113000.0,103000.0,,,,,,feb2026
15245594,2026/02/07,21221,"business analyst, informatics",Business systems specialists,Ontario,Toronto,Toronto Region,30.67,62.5,Hour,Hour,63793.600000000006,130000.0,96896.8,,,,,,feb2026
15245551,2026/02/07,21222,"consultant, information technology (IT)",Information systems specialists,Ontario,Toronto,Toronto Region,28.85,68.68,Hour,Hour,60008.0,142854.40000000002,101431.20000000001,,,,,,feb2026
15286591,2026/02/26,21222,management information systems (MIS) consultant,Information systems specialists,Ontario,Toronto,Toronto Region,28.85,68.68,Hour,Hour,60008.0,142854.40000000002,101431.20000000001,,,,,,feb2026
15305539,2026/02/25,21223,"administrator, database",Database analysts and data administrators,Ontario,Toronto,Toronto Region,110000.0,110000.0,Year,Year,110000.0,110000.0,110000.0,,,,,,feb2026
15284467,2026/02/25,21211,data scientist,Data scientists,Ontario,Toronto,Toronto Region,30.0,69.74,Hour,Hour,62400.0,145059.19999999998,103729.59999999999,,,,,,feb2026
15261674,2026/02/13,21211,data scientist,Data scientists,Ontario,Toronto,Toronto Region,30.0,69.74,Hour,Hour,62400.0,145059.19999999998,103729.59999999999,,,,,,feb2026
15247113,2026/02/08,21222,"analyst, computer",Information systems specialists,Ontario,Toronto,Toronto Region,28.85,68.68,Hour,Hour,60008.0,142854.40000000002,101431.20000000001,,,,,,feb2026
15275232,2026/02/20,21211,data architect,Data scientists,Ontario,Toronto,Toronto Region,70.0,80.0,Hour,Hour,145600.0,166400.0,156000.0,,,,,,feb2026
15246690,2026/02/08,21222,computer systems analyst,Information systems specialists,Ontario,Toronto,Toronto Region,28.85,68.68,Hour,Hour,60008.0,142854.40000000002,101431.20000000001,,,,,,feb2026
15246970,2026/02/08,21221,business systems analyst,Business systems specialists,Ontario,Toronto,Toronto Region,30.67,62.5,Hour,Hour,63793.600000000006,130000.0,96896.8,,,,,,feb2026
15246911,2026/02/08,21221,business systems analyst,Business systems specialists,Ontario,Toronto,Toronto Region,30.67,62.5,Hour,Hour,63793.600000000006,130000.0,96896.8,,,,,,feb2026
15261634,2026/02/11,21211,data scientist,Data scientists,Ontario,Toronto,Toronto Region,30.0,69.74,Hour,Hour,62400.0,145059.19999999998,103729.59999999999,,,,,,feb2026
15262217,2026/02/10,21222,"analyst, management information systems (MIS)",Information systems specialists,Ontario,Toronto,Toronto Region,28.85,68.68,Hour,Hour,60008.0,142854.40000000002,101431.20000000001,,,,,,feb2026
15284991,2026/02/20,21222,information technology (IT) analyst,Information systems specialists,Ontario,Toronto,Toronto Region,52789.0,52789.0,Year,Year,52789.0,52789.0,52789.0,,,,,,feb2026
15281149,2026/02/13,21222,information technology (IT) analyst,Information systems specialists,Ontario,Toronto,Toronto Region,105000.0,125000.0,Year,Year,105000.0,125000.0,115000.0,,,,,,feb2026
15290086,2026/02/26,21222,information technology (IT) analyst,Information systems specialists,Ontario,Barrie,Kitchener–Waterloo–Barrie Region,31.49,31.49,Hour,Hour,65499.2,65499.2,65499.2,,,,,,feb2026
15280806,2026/02/20,21222,information technology (IT) analyst,Information systems specialists,Ontario,Barrie,Kitchener–Waterloo–Barrie Region,28.83,28.83,Hour,Hour,59966.399999999994,59966.399999999994,59966.399999999994,,,,,,feb2026
15279813,2026/02/23,21222,systems consultant,Information systems specialists,Ontario,Markham,Toronto Region,50.0,50.0,Hour,Hour,104000.0,104000.0,104000.0,"College, CEGEP or other non-university certificate or diploma from a program of 1 year to 2 years",2 years to less than 3 years,35.0,35.0,Week,feb2026
15291236,2026/02/27,21222,systems analyst,Information systems specialists,Ontario,Etobicoke,Toronto Region,110000.0,110000.0,Year,Year,110000.0,110000.0,110000.0,"College, CEGEP or other non-university certificate or diploma from a program of 1 year to 2 years",2 years to less than 3 years,40.0,40.0,Week,feb2026
15292140,2026/02/28,21221,business systems analyst,Business systems specialists,Ontario,London,London Region,30.67,62.5,Hour,Hour,63793.600000000006,130000.0,96896.8,,,,,,feb2026
15236862,2026/02/04,21221,business systems analyst,Business systems specialists,Ontario,London,London Region,30.67,62.5,Hour,Hour,63793.600000000006,130000.0,96896.8,,,,,,feb2026
15288703,2026/02/26,21222,solutions architect - cloud management and monitoring,Information systems specialists,Ontario,Woodbridge,Toronto Region,66.15,66.15,Hour,Hour,137592.0,137592.0,137592.0,Bachelor's degree,5 years or more,40.0,40.0,Week,feb2026
15281143,2026/02/18,21222,information technology (IT) analyst,Information systems specialists,Ontario,Halton Hills,Toronto Region,63000.0,73000.0,Year,Year,63000.0,73000.0,68000.0,,,,,,feb2026
15251502,2026/02/09,21222,information technology (IT) analyst,Information systems specialists,Ontario,,,3000.0,3000.0,Month,Month,36000.0,36000.0,36000.0,,,,,,feb2026
15280917,2026/02/11,21222,information technology (IT) analyst,Information systems specialists,Ontario,Belleville,Kingston–Pembroke Region,70000.0,70000.0,Year,Year,70000.0,70000.0,70000.0,,,,,,feb2026
15240073,2026/02/04,21222,information technology (IT) analyst,Information systems specialists,Ontario,Brantford,Hamilton–Niagara Peninsula Region,75000.0,90000.0,Hour,Year,75000.0,90000.0,82500.0,,,,,,feb2026
15285237,2026/02/24,21222,information technology (IT) analyst,Information systems specialists,Ontario,Ottawa,Ottawa Region,40000.0,46000.0,Year,Year,40000.0,46000.0,43000.0,,,,,,feb2026
15287267,2026/02/26,21211,data mining analyst,Data scientists,Ontario,Mississauga,Toronto Region,30.0,69.74,Hour,Hour,62400.0,145059.19999999998,103729.59999999999,,,,,,feb2026
15292504,2026/02/28,21211,data scientist,Data scientists,Ontario,Mississauga,Toronto Region,30.0,69.74,Hour,Hour,62400.0,145059.19999999998,103729.59999999999,,,,,,feb2026
15282872,2026/02/24,21221,business systems specialist - computer systems,Business systems specialists,Ontario,Mississauga,Toronto Region,43.3,43.3,Hour,Hour,90064.0,90064.0,90064.0,"College, CEGEP or other non-university certificate or diploma from a program of 1 year to 2 years",1 year to less than 2 years,40.0,40.0,Week,feb2026
15290018,2026/02/27,21222,information technology (IT) analyst,Information systems specialists,Ontario,Mississauga,Toronto Region,24.0,24.0,Hour,Hour,49920.0,49920.0,49920.0,,,,,,feb2026
15235970,2026/02/03,21211,data analytics consultant,Data scientists,Ontario,Mississauga,Toronto Region,46.5,50.0,Hour,Hour,96720.0,104000.0,100360.0,Bachelor's degree,2 years to less than 3 years,30.0,40.0,Week,feb2026
15260076,2026/02/13,21222,IT (information technology) consultant,Information systems specialists,Ontario,Mississauga,Toronto Region,63.46,63.46,Hour,Hour,131996.8,131996.8,131996.8,College/CEGEP,1 year to less than 2 years,40.0,40.0,Week,feb2026
15239936,2026/02/02,21222,information technology (IT) analyst,Information systems specialists,Ontario,Toronto,Toronto Region,55000.0,55000.0,Year,Year,55000.0,55000.0,55000.0,,,,,,feb2026
15264815,2026/02/02,21221,"business analyst, informatics",Business systems specialists,Ontario,Toronto,Toronto Region,27.0,62.0,Hour,Hour,56160.0,128960.0,92560.0,,,,,,feb2026
15292451,2026/02/28,21211,data mining analyst,Data scientists,Ontario,Toronto,Toronto Region,30.0,69.74,Hour,Hour,62400.0,145059.19999999998,103729.59999999999,,,,,,feb2026
15277006,2026/02/21,21211,artificial intelligence (AI) consultant,Data scientists,Ontario,Toronto,Toronto Region,30.0,69.74,Hour,Hour,62400.0,145059.19999999998,103729.59999999999,,,,,,feb2026
15246713,2026/02/08,21222,solutions architect - information technology (IT),Information systems specialists,Ontario,Toronto,Toronto Region,28.85,68.68,Hour,Hour,60008.0,142854.40000000002,101431.20000000001,,,,,,feb2026
15247012,2026/02/08,21222,"consultant, information technology (IT)",Information systems specialists,Ontario,Toronto,Toronto Region,28.85,68.68,Hour,Hour,60008.0,142854.40000000002,101431.20000000001,,,,,,feb2026
15248041,2026/02/09,21221,IT (information technology) business analyst,Business systems specialists,Ontario,Toronto,Toronto Region,30.67,62.5,Hour,Hour,63793.600000000006,130000.0,96896.8,,,,,,feb2026
15263833,2026/02/14,21221,business systems analyst,Business systems specialists,Ontario,Toronto,Toronto Region,30.67,62.5,Hour,Hour,63793.600000000006,130000.0,96896.8,,,,,,feb2026
15263420,2026/02/14,21211,data mining analyst,Data scientists,Ontario,Toronto,Toronto Region,30.0,69.74,Hour,Hour,62400.0,145059.19999999998,103729.59999999999,,,,,,feb2026
15282104,2026/02/24,21223,data analyst - informatics and systems,Database analysts and data administrators,Ontario,Toronto,Toronto Region,25.0,61.03,Hour,Hour,52000.0,126942.40000000001,89471.20000000001,,,,,,feb2026
15281805,2026/02/24,21223,data analyst - informatics and systems,Database analysts and data administrators,Ontario,Toronto,Toronto Region,25.0,61.03,Hour,Hour,52000.0,126942.40000000001,89471.20000000001,,,,,,feb2026
15263318,2026/02/14,21211,data scientist,Data scientists,Ontario,Toronto,Toronto Region,30.0,69.74,Hour,Hour,62400.0,145059.19999999998,103729.59999999999,,,,,,feb2026
15246634,2026/02/07,21221,"business analyst, informatics",Business systems specialists,Ontario,Toronto,Toronto Region,30.67,62.5,Hour,Hour,63793.600000000006,130000.0,96896.8,,,,,,feb2026
15245590,2026/02/07,21222,management information systems (MIS) consultant,Information systems specialists,Ontario,Toronto,Toronto Region,28.85,68.68,Hour,Hour,60008.0,142854.40000000002,101431.20000000001,,,,,,feb2026
15261398,2026/02/07,21211,data mining analyst,Data scientists,Ontario,Toronto,Toronto Region,30.0,69.74,Hour,Hour,62400.0,145059.19999999998,103729.59999999999,,,,,,feb2026
15245614,2026/02/07,21221,business systems analyst,Business systems specialists,Ontario,Toronto,Toronto Region,30.67,62.5,Hour,Hour,63793.600000000006,130000.0,96896.8,,,,,,feb2026
15236991,2026/02/04,21211,artificial intelligence (AI) consultant,Data scientists,Ontario,Toronto,Toronto Region,30.0,69.74,Hour,Hour,62400.0,145059.19999999998,103729.59999999999,,,,,,feb2026
15286460,2026/02/25,21221,business systems analyst,Business systems specialists,Ontario,Toronto,Toronto Region,30.67,62.5,Hour,Hour,63793.600000000006,130000.0,96896.8,,,,,,feb2026
15261357,2026/02/04,21221,business systems analyst,Business systems specialists,Ontario,Toronto,Toronto Region,30.67,62.5,Hour,Hour,63793.600000000006,130000.0,96896.8,,,,,,feb2026
15281123,2026/02/19,21211,data engineer,Data scientists,Ontario,Toronto,Toronto Region,80000.0,130000.0,Year,Year,80000.0,130000.0,105000.0,,,,,,feb2026
15246991,2026/02/08,21221,business systems analyst,Business systems specialists,Ontario,Toronto,Toronto Region,30.67,62.5,Hour,Hour,63793.600000000006,130000.0,96896.8,,,,,,feb2026
15247119,2026/02/08,21223,EDP (electronic data processing) analyst,Database analysts and data administrators,Ontario,Toronto,Toronto Region,25.0,61.03,Hour,Hour,52000.0,126942.40000000001,89471.20000000001,,,,,,feb2026
15246828,2026/02/08,21222,"consultant, information technology (IT)",Information systems specialists,Ontario,Toronto,Toronto Region,28.85,68.68,Hour,Hour,60008.0,142854.40000000002,101431.20000000001,,,,,,feb2026
15247112,2026/02/08,21211,data scientist,Data scientists,Ontario,Toronto,Toronto Region,30.0,69.74,Hour,Hour,62400.0,145059.19999999998,103729.59999999999,,,,,,feb2026
15300674,2026/02/27,21222,information technology (IT) analyst,Information systems specialists,Ontario,Toronto,Toronto Region,18.0,18.0,Hour,Hour,37440.0,37440.0,37440.0,,,,,,feb2026
15243364,2026/02/06,21211,data scientist,Data scientists,Ontario,Toronto,Toronto Region,30.0,69.74,Hour,Hour,62400.0,145059.19999999998,103729.59999999999,,,,,,feb2026
15246839,2026/02/08,21222,data processing consultant,Information systems specialists,Ontario,Toronto,Toronto Region,28.85,68.68,Hour,Hour,60008.0,142854.40000000002,101431.20000000001,,,,,,feb2026
15239984,2026/02/03,21222,information technology (IT) analyst,Information systems specialists,Ontario,Toronto,Toronto Region,80000.0,85000.0,Year,Year,80000.0,85000.0,82500.0,,,,,,feb2026
15246631,2026/02/08,21221,business systems analyst,Business systems specialists,Ontario,Toronto,Toronto Region,30.67,62.5,Hour,Hour,63793.600000000006,130000.0,96896.8,,,,,,feb2026
15281023,2026/02/13,21222,information technology (IT) analyst,Information systems specialists,Ontario,Toronto,Toronto Region,70000.0,70000.0,Year,Year,70000.0,70000.0,70000.0,,,,,,feb2026
15261057,2026/02/10,21211,data mining analyst,Data scientists,Ontario,Toronto,Toronto Region,30.0,69.74,Hour,Hour,62400.0,145059.19999999998,103729.59999999999,,,,,,feb2026
15241802,2026/02/05,21223,data analyst - informatics and systems,Database analysts and data administrators,Ontario,Toronto,Toronto Region,47.9,47.9,Hour,Hour,99632.0,99632.0,99632.0,,,,,,feb2026
15263209,2026/02/13,21221,business systems analyst,Business systems specialists,Ontario,Toronto,Toronto Region,30.67,62.5,Hour,Hour,63793.600000000006,130000.0,96896.8,,,,,,feb2026
15248308,2026/02/07,21222,information technology (IT) analyst,Information systems specialists,Ontario,Tillsonburg,London Region,47.09,55.09,Hour,Hour,97947.20000000001,114587.20000000001,106267.20000000001,,,,,,feb2026
15286753,2026/02/24,21222,information technology (IT) analyst,Information systems specialists,Ontario,Markham,Toronto Region,40000.0,46000.0,Year,Year,40000.0,46000.0,43000.0,,,,,,feb2026
15242719,2026/02/05,21222,systems implementation consultant ,Information systems specialists,Ontario,La Salette,Hamilton–Niagara Peninsula Region,22.0,26.0,Hour,Hour,45760.0,54080.0,49920.0,Secondary (high) school graduation certificate,2 years to less than 3 years,30.0,50.0,Week,feb2026
15236555,2026/02/03,21221,business systems analyst,Business systems specialists,Ontario,London,London Region,30.67,62.5,Hour,Hour,63793.600000000006,130000.0,96896.8,,,,,,feb2026
15293629,2026/02/25,21222,information technology (IT) analyst,Information systems specialists,Ontario,Vaughan,Toronto Region,55000.0,55000.0,Year,Year,55000.0,55000.0,55000.0,,,,,,feb2026
15236078,2026/02/03,21222,information technology (IT) specialist,Information systems specialists,Ontario,Courtice,Toronto Region,39.06,39.06,Hour,Hour,81244.8,81244.8,81244.8,"College, CEGEP or other non-university certificate or diploma from a program of 3 months to less than 1 year",3 years to less than 5 years,40.0,40.0,Week,feb2026
15252594,2026/02/10,21223,data quality analyst,Database analysts and data administrators,Ontario,Greater Sudbury,Northeast Region,31.69,39.62,Hour,Hour,65915.2,82409.59999999999,74162.4,,,,,,feb2026
15263242,2026/02/13,21221,business systems specialist - computer systems,Business systems specialists,Ontario,Ajax,Toronto Region,45.13,45.13,Hour,Hour,93870.40000000001,93870.40000000001,93870.40000000001,College/CEGEP,No experience,30.0,40.0,Week,feb2026
15293674,2026/02/28,21222,information technology (IT) analyst,Information systems specialists,Ontario,Mississauga,Toronto Region,20.0,20.0,Hour,Hour,41600.0,41600.0,41600.0,,,,,,feb2026
15267049,2026/02/17,21223,database designer,Database analysts and data administrators,Ontario,Mississauga,Toronto Region,95000.0,95000.0,Year,Year,95000.0,95000.0,95000.0,Bachelor's degree,5 years or more,40.0,40.0,Week,feb2026
15284981,2026/02/24,21222,information technology (IT) analyst,Information systems specialists,Ontario,Mississauga,Toronto Region,24.0,24.0,Hour,Hour,49920.0,49920.0,49920.0,,,,,,feb2026
15245713,2026/02/07,21222,"auditor, systems",Information systems specialists,Ontario,Mississauga,Toronto Region,26.0,63.0,Hour,Hour,54080.0,131040.0,92560.0,,,,,,feb2026
15262750,2026/02/02,21211,artificial intelligence (AI) consultant,Data scientists,Ontario,Toronto,Toronto Region,26.0,78.0,Hour,Hour,54080.0,162240.0,108160.0,,,,,,feb2026
15236554,2026/02/02,21211,data scientist,Data scientists,Ontario,Toronto,Toronto Region,26.0,78.0,Hour,Hour,54080.0,162240.0,108160.0,,,,,,feb2026
15239655,2026/02/02,21211,data scientist,Data scientists,Ontario,Toronto,Toronto Region,26.0,78.0,Hour,Hour,54080.0,162240.0,108160.0,,,,,,feb2026
15262760,2026/02/12,21221,business systems analyst,Business systems specialists,Ontario,Toronto,Toronto Region,30.67,62.5,Hour,Hour,63793.600000000006,130000.0,96896.8,,,,,,feb2026
15290024,2026/02/25,21222,information technology (IT) analyst,Information systems specialists,Ontario,Toronto,Toronto Region,100000.0,100000.0,Year,Year,100000.0,100000.0,100000.0,,,,,,feb2026
15298102,2026/02/22,21222,information technology (IT) analyst,Information systems specialists,Ontario,Toronto,Toronto Region,20.51,26.85,Hour,Hour,42660.8,55848.0,49254.4,,,,,,feb2026
15290033,2026/02/23,21222,information technology (IT) analyst,Information systems specialists,Ontario,Toronto,Toronto Region,21.0,24.0,Year,Hour,43680.0,49920.0,46800.0,,,,,,feb2026
15285117,2026/02/25,21222,information technology (IT) analyst,Information systems specialists,Ontario,Toronto,Toronto Region,100000.0,100000.0,Year,Year,100000.0,100000.0,100000.0,,,,,,feb2026
15261263,2026/02/08,21211,data mining analyst,Data scientists,Ontario,Toronto,Toronto Region,30.0,69.74,Hour,Hour,62400.0,145059.19999999998,103729.59999999999,,,,,,feb2026
15247090,2026/02/08,21222,"analyst, systems",Information systems specialists,Ontario,Toronto,Toronto Region,28.85,68.68,Hour,Hour,60008.0,142854.40000000002,101431.20000000001,,,,,,feb2026
15247057,2026/02/08,21222,systems analyst,Information systems specialists,Ontario,Toronto,Toronto Region,28.85,68.68,Hour,Hour,60008.0,142854.40000000002,101431.20000000001,,,,,,feb2026
15264503,2026/02/15,21222,"analyst, systems",Information systems specialists,Ontario,Toronto,Toronto Region,28.85,68.68,Hour,Hour,60008.0,142854.40000000002,101431.20000000001,,,,,,feb2026
15274737,2026/02/20,21223,"manager, database",Database analysts and data administrators,Ontario,Toronto,Toronto Region,25.0,61.03,Hour,Hour,52000.0,126942.40000000001,89471.20000000001,,,,,,feb2026
15286579,2026/02/26,21211,data scientist,Data scientists,Ontario,Toronto,Toronto Region,30.0,69.74,Hour,Hour,62400.0,145059.19999999998,103729.59999999999,,,,,,feb2026
15237845,2026/02/04,21222,solutions architect - information technology (IT),Information systems specialists,Ontario,Toronto,Toronto Region,28.85,68.68,Hour,Hour,60008.0,142854.40000000002,101431.20000000001,,,,,,feb2026
15282085,2026/02/24,21222,"analyst, systems",Information systems specialists,Ontario,Toronto,Toronto Region,28.85,68.68,Hour,Hour,60008.0,142854.40000000002,101431.20000000001,,,,,,feb2026
15246585,2026/02/07,21223,database analyst,Database analysts and data administrators,Ontario,Toronto,Toronto Region,47.0,47.0,Hour,Hour,97760.0,97760.0,97760.0,Bachelor's degree,3 years to less than 5 years,40.0,40.0,Week,feb2026
15246833,2026/02/07,21221,"analyst, business - computer systems",Business systems specialists,Ontario,Toronto,Toronto Region,30.67,62.5,Hour,Hour,63793.600000000006,130000.0,96896.8,,,,,,feb2026
15289622,2026/02/27,21222,IT (information technology) consultant,Information systems specialists,Ontario,Toronto,Toronto Region,28.85,68.68,Hour,Hour,60008.0,142854.40000000002,101431.20000000001,,,,,,feb2026
15262426,2026/02/07,21211,data scientist,Data scientists,Ontario,Toronto,Toronto Region,30.0,69.74,Hour,Hour,62400.0,145059.19999999998,103729.59999999999,,,,,,feb2026
15286596,2026/02/26,21211,data mining analyst,Data scientists,Ontario,Toronto,Toronto Region,30.0,69.74,Hour,Hour,62400.0,145059.19999999998,103729.59999999999,,,,,,feb2026
15281128,2026/02/17,21222,information technology (IT) analyst,Information systems specialists,Ontario,Toronto,Toronto Region,50000.0,50000.0,Year,Year,50000.0,50000.0,50000.0,,,,,,feb2026
15271465,2026/02/19,21221,business systems analyst,Business systems specialists,Ontario,Toronto,Toronto Region,30.67,62.5,Hour,Hour,63793.600000000006,130000.0,96896.8,,,,,,feb2026
15246792,2026/02/08,21221,business systems analyst,Business systems specialists,Ontario,Toronto,Toronto Region,30.67,62.5,Hour,Hour,63793.600000000006,130000.0,96896.8,,,,,,feb2026
15292076,2026/02/27,21222,"analyst, systems",Information systems specialists,Ontario,Toronto,Toronto Region,28.85,68.68,Hour,Hour,60008.0,142854.40000000002,101431.20000000001,,,,,,feb2026
15246791,2026/02/08,21222,"analyst, systems",Information systems specialists,Ontario,Toronto,Toronto Region,28.85,68.68,Hour,Hour,60008.0,142854.40000000002,101431.20000000001,,,,,,feb2026
15246837,2026/02/08,21223,data warehouse analyst,Database analysts and data administrators,Ontario,Toronto,Toronto Region,25.0,61.03,Hour,Hour,52000.0,126942.40000000001,89471.20000000001,,,,,,feb2026
15246863,2026/02/08,21222,management information systems (MIS) analyst,Information systems specialists,Ontario,Toronto,Toronto Region,28.85,68.68,Hour,Hour,60008.0,142854.40000000002,101431.20000000001,,,,,,feb2026
15246795,2026/02/08,21211,data mining analyst,Data scientists,Ontario,Toronto,Toronto Region,30.0,69.74,Hour,Hour,62400.0,145059.19999999998,103729.59999999999,,,,,,feb2026
15241877,2026/02/06,21221,"business analyst, informatics",Business systems specialists,Ontario,Toronto,Toronto Region,27.0,62.0,Hour,Hour,56160.0,128960.0,92560.0,,,,,,feb2026
15262868,2026/02/10,21222,"analyst, systems",Information systems specialists,Ontario,Toronto,Toronto Region,28.85,68.68,Hour,Hour,60008.0,142854.40000000002,101431.20000000001,,,,,,feb2026
15246899,2026/02/08,21222,"analyst, systems",Information systems specialists,Ontario,Toronto,Toronto Region,28.85,68.68,Hour,Hour,60008.0,142854.40000000002,101431.20000000001,,,,,,feb2026
15244617,2026/02/05,21222,information technology (IT) analyst,Information systems specialists,Ontario,Toronto,Toronto Region,60000.0,80000.0,Year,Year,60000.0,80000.0,70000.0,,,,,,feb2026
15263393,2026/02/13,21211,data mining analyst,Data scientists,Ontario,Toronto,Toronto Region,30.0,69.74,Hour,Hour,62400.0,145059.19999999998,103729.59999999999,,,,,,feb2026
15261361,2026/02/11,21221,business systems analyst,Business systems specialists,Ontario,Toronto,Toronto Region,30.67,62.5,Hour,Hour,63793.600000000006,130000.0,96896.8,,,,,,feb2026
15261179,2026/02/13,21221,business systems analyst,Business systems specialists,Ontario,Toronto,Toronto Region,30.67,62.5,Hour,Hour,63793.600000000006,130000.0,96896.8,,,,,,feb2026
15244595,2026/02/06,21222,information technology (IT) analyst,Information systems specialists,Ontario,Toronto,Toronto Region,100000.0,100000.0,Year,Year,100000.0,100000.0,100000.0,,,,,,feb2026
15261041,2026/02/06,21221,business systems analyst,Business systems specialists,Ontario,Toronto,Toronto Region,30.67,62.5,Hour,Hour,63793.600000000006,130000.0,96896.8,,,,,,feb2026
15262429,2026/02/04,21223,"manager, database",Database analysts and data administrators,Ontario,Toronto,Toronto Region,25.0,61.03,Hour,Hour,52000.0,126942.40000000001,89471.20000000001,,,,,,feb2026
15293673,2026/02/28,21222,information technology (IT) analyst,Information systems specialists,Ontario,Markham,Toronto Region,23.0,26.0,Hour,Hour,47840.0,54080.0,50960.0,,,,,,feb2026
15292128,2026/02/27,21222,solutions architect - information technology (IT),Information systems specialists,Ontario,Oakville,Toronto Region,37.0,37.0,Hour,Hour,76960.0,76960.0,76960.0,Bachelor's degree,2 years to less than 3 years,35.0,35.0,Week,feb2026
15271239,2026/02/18,21222,technical project manager,Information systems specialists,Ontario,Thornhill,Toronto Region,100000.0,100000.0,Year,Year,100000.0,100000.0,100000.0,,,,,,feb2026
15285200,2026/02/13,21222,information technology (IT) analyst,Information systems specialists,Ontario,Greater Sudbury,Northeast Region,30.0,30.0,Hour,Hour,62400.0,62400.0,62400.0,,,,,,feb2026
15293756,2026/02/27,21222,information technology (IT) analyst,Information systems specialists,Ontario,Cambridge,Kitchener–Waterloo–Barrie Region,55000.0,65000.0,Hour,Year,55000.0,65000.0,60000.0,,,,,,feb2026
15289132,2026/02/19,21222,solutions architect - information technology (IT),Information systems specialists,Ontario,Ottawa,Ottawa Region,28.85,68.68,Hour,Hour,60008.0,142854.40000000002,101431.20000000001,,,,,,feb2026
15281057,2026/02/11,21222,information technology (IT) analyst,Information systems specialists,Ontario,Ottawa,Ottawa Region,60000.0,60000.0,Year,Year,60000.0,60000.0,60000.0,,,,,,feb2026
15239982,2026/02/04,21222,information technology (IT) analyst,Information systems specialists,Ontario,Burlington,Hamilton–Niagara Peninsula Region,50000.0,50000.0,Year,Year,50000.0,50000.0,50000.0,,,,,,feb2026
15251159,2026/02/10,21222,"auditor, systems",Information systems specialists,Ontario,Mississauga,Toronto Region,26.0,63.0,Hour,Hour,54080.0,131040.0,92560.0,,,,,,feb2026
15232562,2026/02/02,21211,data engineer,Data scientists,Ontario,Toronto,Toronto Region,41.26,60.0,Hour,Hour,85820.8,124800.0,105310.4,,,,,,feb2026
15262745,2026/02/12,21222,management information systems (MIS) consultant,Information systems specialists,Ontario,Toronto,Toronto Region,28.85,68.68,Hour,Hour,60008.0,142854.40000000002,101431.20000000001,,,,,,feb2026
15293716,2026/02/28,21222,information technology (IT) analyst,Information systems specialists,Ontario,Toronto,Toronto Region,60000.0,80000.0,Year,Year,60000.0,80000.0,70000.0,,,,,,feb2026
15247133,2026/02/08,21222,"consultant, information technology (IT)",Information systems specialists,Ontario,Toronto,Toronto Region,28.85,68.68,Hour,Hour,60008.0,142854.40000000002,101431.20000000001,,,,,,feb2026
15261781,2026/02/10,21221,business systems analyst,Business systems specialists,Ontario,Toronto,Toronto Region,30.67,62.5,Hour,Hour,63793.600000000006,130000.0,96896.8,,,,,,feb2026
15262473,2026/02/10,21211,data scientist,Data scientists,Ontario,Toronto,Toronto Region,30.0,69.74,Hour,Hour,62400.0,145059.19999999998,103729.59999999999,,,,,,feb2026
15262032,2026/02/10,21221,IT (information technology) business analyst,Business systems specialists,Ontario,Toronto,Toronto Region,30.67,62.5,Hour,Hour,63793.600000000006,130000.0,96896.8,,,,,,feb2026
15280809,2026/02/18,21222,information technology (IT) analyst,Information systems specialists,Ontario,Toronto,Toronto Region,70263.0,70263.0,Year,Year,70263.0,70263.0,70263.0,,,,,,feb2026
15269718,2026/02/18,21221,business systems analyst,Business systems specialists,Ontario,Toronto,Toronto Region,30.67,62.5,Hour,Hour,63793.600000000006,130000.0,96896.8,,,,,,feb2026
15263850,2026/02/14,21211,data scientist,Data scientists,Ontario,Toronto,Toronto Region,30.0,69.74,Hour,Hour,62400.0,145059.19999999998,103729.59999999999,,,,,,feb2026
15261944,2026/02/06,21222,"analyst, systems",Information systems specialists,Ontario,Toronto,Toronto Region,28.85,68.68,Hour,Hour,60008.0,142854.40000000002,101431.20000000001,,,,,,feb2026
15284931,2026/02/18,21222,information technology (IT) analyst,Information systems specialists,Ontario,Toronto,Toronto Region,45000.0,45000.0,Year,Year,45000.0,45000.0,45000.0,,,,,,feb2026
15268865,2026/02/18,21211,data mining analyst,Data scientists,Ontario,Toronto,Toronto Region,30.0,69.74,Hour,Hour,62400.0,145059.19999999998,103729.59999999999,,,,,,feb2026
15286587,2026/02/26,21222,data processing consultant,Information systems specialists,Ontario,Toronto,Toronto Region,28.85,68.68,Hour,Hour,60008.0,142854.40000000002,101431.20000000001,,,,,,feb2026
15246814,2026/02/08,21211,data mining analyst,Data scientists,Ontario,Toronto,Toronto Region,30.0,69.74,Hour,Hour,62400.0,145059.19999999998,103729.59999999999,,,,,,feb2026
15247115,2026/02/08,21222,IT (information technology) consultant,Information systems specialists,Ontario,Toronto,Toronto Region,28.85,68.68,Hour,Hour,60008.0,142854.40000000002,101431.20000000001,,,,,,feb2026
15262099,2026/02/13,21221,business systems analyst,Business systems specialists,Ontario,Toronto,Toronto Region,30.67,62.5,Hour,Hour,63793.600000000006,130000.0,96896.8,,,,,,feb2026
15290889,2026/02/27,21222,management information systems (MIS) analyst,Information systems specialists,Ontario,Toronto,Toronto Region,28.85,68.68,Hour,Hour,60008.0,142854.40000000002,101431.20000000001,,,,,,feb2026
15248461,2026/02/06,21222,information technology (IT) analyst,Information systems specialists,Ontario,Toronto,Toronto Region,101.0,101.0,Day,Day,26260.0,26260.0,26260.0,,,,,,feb2026
15246650,2026/02/08,21222,"analyst, systems",Information systems specialists,Ontario,Toronto,Toronto Region,28.85,68.68,Hour,Hour,60008.0,142854.40000000002,101431.20000000001,,,,,,feb2026
15247060,2026/02/08,21211,data mining analyst,Data scientists,Ontario,Toronto,Toronto Region,30.0,69.74,Hour,Hour,62400.0,145059.19999999998,103729.59999999999,,,,,,feb2026
15246674,2026/02/08,21222,"analyst, systems",Information systems specialists,Ontario,Toronto,Toronto Region,28.85,68.68,Hour,Hour,60008.0,142854.40000000002,101431.20000000001,,,,,,feb2026
15246883,2026/02/08,21223,data analyst - informatics and systems,Database analysts and data administrators,Ontario,Toronto,Toronto Region,25.0,61.03,Hour,Hour,52000.0,126942.40000000001,89471.20000000001,,,,,,feb2026
15239660,2026/02/05,21211,data scientist,Data scientists,Ontario,Toronto,Toronto Region,30.0,69.74,Hour,Hour,62400.0,145059.19999999998,103729.59999999999,,,,,,feb2026
15288869,2026/02/26,21222,"analyst, systems",Information systems specialists,Ontario,Scarborough,Toronto Region,70000.0,90000.0,Year,Year,70000.0,90000.0,80000.0,,,,,,feb2026
15280910,2026/02/14,21222,information technology (IT) analyst,Information systems specialists,Ontario,Hamilton,Hamilton–Niagara Peninsula Region,24.05,24.05,Hour,Hour,50024.0,50024.0,50024.0,,,,,,feb2026
15281052,2026/02/13,21222,information technology (IT) analyst,Information systems specialists,Ontario,Hamilton,Hamilton–Niagara Peninsula Region,52000.0,62500.0,Year,Year,52000.0,62500.0,57250.0,,,,,,feb2026
15280747,2026/02/12,21222,information technology (IT) analyst,Information systems specialists,Ontario,Vaughan,Toronto Region,70000.0,70000.0,Year,Year,70000.0,70000.0,70000.0,,,,,,feb2026
15285209,2026/02/24,21222,information technology (IT) analyst,Information systems specialists,Ontario,Owen Sound,Stratford–Bruce Peninsula Region,70000.0,70000.0,Year,Year,70000.0,70000.0,70000.0,,,,,,feb2026
15281198,2026/02/12,21222,information technology (IT) analyst,Information systems specialists,Ontario,Waterloo,Kitchener–Waterloo–Barrie Region,50000.0,55000.0,Hour,Year,50000.0,55000.0,52500.0,,,,,,feb2026
15305400,2026/02/17,21211,big data analyst,Data scientists,Ontario,Burlington,Hamilton–Niagara Peninsula Region,39940.42,80602.87,Year,Year,39940.42,80602.87,60271.645,,,,,,feb2026
15246857,2026/02/08,21222,"analyst, systems",Information systems specialists,Ontario,Burlington,Hamilton–Niagara Peninsula Region,28.85,68.68,Hour,Hour,60008.0,142854.40000000002,101431.20000000001,,,,,,feb2026
15280889,2026/02/18,21222,information technology (IT) analyst,Information systems specialists,Ontario,Mississauga,Toronto Region,55000.0,75000.0,Year,Year,55000.0,75000.0,65000.0,,,,,,feb2026
15246126,2026/02/07,21222,management information systems (MIS) consultant,Information systems specialists,Ontario,Mississauga,Toronto Region,28.85,68.68,Hour,Hour,60008.0,142854.40000000002,101431.20000000001,,,,,,feb2026
15291970,2026/02/27,21211,data scientist,Data scientists,Ontario,Mississauga,Toronto Region,30.0,69.74,Hour,Hour,62400.0,145059.19999999998,103729.59999999999,,,,,,feb2026
15240043,2026/02/04,21222,information technology (IT) analyst,Information systems specialists,Ontario,Mississauga,Toronto Region,22.0,22.0,Hour,Hour,45760.0,45760.0,45760.0,,,,,,feb2026
15281094,2026/02/19,21222,information technology (IT) analyst,Information systems specialists,Ontario,Orillia,Kitchener–Waterloo–Barrie Region,20.0,20.0,Hour,Hour,41600.0,41600.0,41600.0,,,,,,feb2026
15231675,2026/02/02,21222,systems analyst,Information systems specialists,Ontario,Toronto,Toronto Region,28.85,68.68,Hour,Hour,60008.0,142854.40000000002,101431.20000000001,,,,,,feb2026
15232266,2026/02/02,21222,enterprise architect - information technology (IT),Information systems specialists,Ontario,Toronto,Toronto Region,28.85,68.68,Hour,Hour,60008.0,142854.40000000002,101431.20000000001,,,,,,feb2026
15292175,2026/02/28,21211,data scientist,Data scientists,Ontario,Toronto,Toronto Region,30.0,69.74,Hour,Hour,62400.0,145059.19999999998,103729.59999999999,,,,,,feb2026
15281093,2026/02/23,21222,information technology (IT) analyst,Information systems specialists,Ontario,Toronto,Toronto Region,101.0,101.0,Day,Day,26260.0,26260.0,26260.0,,,,,,feb2026
15287284,2026/02/26,21211,data scientist,Data scientists,Ontario,Toronto,Toronto Region,30.0,69.74,Hour,Hour,62400.0,145059.19999999998,103729.59999999999,,,,,,feb2026
15293725,2026/02/27,21222,information technology (IT) analyst,Information systems specialists,Ontario,Toronto,Toronto Region,60000.0,80000.0,Year,Year,60000.0,80000.0,70000.0,,,,,,feb2026
15292155,2026/02/28,21221,business systems analyst,Business systems specialists,Ontario,Toronto,Toronto Region,30.67,62.5,Hour,Hour,63793.600000000006,130000.0,96896.8,,,,,,feb2026
15245666,2026/02/07,21222,management information systems (MIS) analyst,Information systems specialists,Ontario,Toronto,Toronto Region,28.85,68.68,Hour,Hour,60008.0,142854.40000000002,101431.20000000001,,,,,,feb2026
15261819,2026/02/07,21221,business systems analyst,Business systems specialists,Ontario,Toronto,Toronto Region,30.67,62.5,Hour,Hour,63793.600000000006,130000.0,96896.8,,,,,,feb2026
15262359,2026/02/07,21221,business systems analyst,Business systems specialists,Ontario,Toronto,Toronto Region,30.67,62.5,Hour,Hour,63793.600000000006,130000.0,96896.8,,,,,,feb2026
15262089,2026/02/05,21221,business systems analyst,Business systems specialists,Ontario,Toronto,Toronto Region,30.67,62.5,Hour,Hour,63793.600000000006,130000.0,96896.8,,,,,,feb2026
15261502,2026/02/10,21211,data scientist,Data scientists,Ontario,Toronto,Toronto Region,30.0,69.74,Hour,Hour,62400.0,145059.19999999998,103729.59999999999,,,,,,feb2026
15263416,2026/02/14,21211,artificial intelligence (AI) analyst,Data scientists,Ontario,Toronto,Toronto Region,30.0,69.74,Hour,Hour,62400.0,145059.19999999998,103729.59999999999,,,,,,feb2026
15293685,2026/02/24,21222,information technology (IT) analyst,Information systems specialists,Ontario,Toronto,Toronto Region,85000.0,100000.0,Year,Year,85000.0,100000.0,92500.0,,,,,,feb2026
15280602,2026/02/24,21221,"business analyst, informatics",Business systems specialists,Ontario,Toronto,Toronto Region,30.67,62.5,Hour,Hour,63793.600000000006,130000.0,96896.8,,,,,,feb2026
15261523,2026/02/07,21211,artificial intelligence (AI) consultant,Data scientists,Ontario,Toronto,Toronto Region,30.0,69.74,Hour,Hour,62400.0,145059.19999999998,103729.59999999999,,,,,,feb2026
15247101,2026/02/07,21222,"analyst, systems",Information systems specialists,Ontario,Toronto,Toronto Region,28.85,68.68,Hour,Hour,60008.0,142854.40000000002,101431.20000000001,,,,,,feb2026
15247055,2026/02/07,21222,enterprise architect - information technology (IT),Information systems specialists,Ontario,Toronto,Toronto Region,28.85,68.68,Hour,Hour,60008.0,142854.40000000002,101431.20000000001,,,,,,feb2026
15246584,2026/02/07,21222,systems analyst,Information systems specialists,Ontario,Toronto,Toronto Region,50.0,50.0,Hour,Hour,104000.0,104000.0,104000.0,Bachelor's degree,3 years to less than 5 years,40.0,40.0,Week,feb2026
15245646,2026/02/07,21221,business systems analyst,Business systems specialists,Ontario,Toronto,Toronto Region,30.67,62.5,Hour,Hour,63793.600000000006,130000.0,96896.8,,,,,,feb2026
15245576,2026/02/07,21221,IT (information technology) business analyst,Business systems specialists,Ontario,Toronto,Toronto Region,30.67,62.5,Hour,Hour,63793.600000000006,130000.0,96896.8,,,,,,feb2026
15261129,2026/02/07,21222,management information systems (MIS) consultant,Information systems specialists,Ontario,Toronto,Toronto Region,28.85,68.68,Hour,Hour,60008.0,142854.40000000002,101431.20000000001,,,,,,feb2026
15247080,2026/02/08,21221,business systems analyst,Business systems specialists,Ontario,Toronto,Toronto Region,30.67,62.5,Hour,Hour,63793.600000000006,130000.0,96896.8,,,,,,feb2026
15247633,2026/02/08,21211,artificial intelligence (AI) consultant,Data scientists,Ontario,Toronto,Toronto Region,30.0,69.74,Hour,Hour,62400.0,145059.19999999998,103729.59999999999,,,,,,feb2026
15236759,2026/02/04,21223,data analyst - informatics and systems,Database analysts and data administrators,Ontario,Toronto,Toronto Region,25.0,61.03,Hour,Hour,52000.0,126942.40000000001,89471.20000000001,,,,,,feb2026
15281184,2026/02/19,21222,information technology (IT) analyst,Information systems specialists,Ontario,Toronto,Toronto Region,58707.0,58707.0,Year,Year,58707.0,58707.0,58707.0,,,,,,feb2026
15248431,2026/02/09,21222,information technology (IT) analyst,Information systems specialists,Ontario,Toronto,Toronto Region,150000.0,200000.0,Year,Year,150000.0,200000.0,175000.0,,,,,,feb2026
15292114,2026/02/27,21221,business systems analyst,Business systems specialists,Ontario,Markham,Toronto Region,30.67,62.5,Hour,Hour,63793.600000000006,130000.0,96896.8,,,,,,feb2026
15239989,2026/02/04,21222,information technology (IT) analyst,Information systems specialists,Ontario,Markham,Toronto Region,20.0,20.0,Hour,Hour,41600.0,41600.0,41600.0,,,,,,feb2026
15298132,2026/02/10,21222,information technology (IT) analyst,Information systems specialists,Ontario,Newmarket,Toronto Region,50000.0,50000.0,Year,Year,50000.0,50000.0,50000.0,,,,,,feb2026
15233104,2026/02/02,21221,business data analyst,Business systems specialists,Ontario,Ayr,Kitchener–Waterloo–Barrie Region,70000.0,85000.0,Year,Year,70000.0,85000.0,77500.0,,,,,,feb2026
15236755,2026/02/04,21221,business systems analyst,Business systems specialists,Ontario,London,London Region,30.67,62.5,Hour,Hour,63793.600000000006,130000.0,96896.8,,,,,,feb2026
15257067,2026/02/11,21222,informatics consultant,Information systems specialists,Ontario,London,London Region,21.64,21.64,Hour,Hour,45011.200000000004,45011.200000000004,45011.200000000004,,,,,,feb2026
15239966,2026/02/04,21222,information technology (IT) analyst,Information systems specialists,Ontario,Cambridge,Kitchener–Waterloo–Barrie Region,80000.0,95000.0,Year,Year,80000.0,95000.0,87500.0,,,,,,feb2026
15280876,2026/02/21,21222,information technology (IT) analyst,Information systems specialists,Ontario,Waterloo,Kitchener–Waterloo–Barrie Region,29.0,29.0,Hour,Hour,60320.0,60320.0,60320.0,,,,,,feb2026
15293650,2026/02/26,21222,information technology (IT) analyst,Information systems specialists,Ontario,Waterloo,Kitchener–Waterloo–Barrie Region,30.0,30.0,Hour,Hour,62400.0,62400.0,62400.0,,,,,,feb2026
15264081,2026/02/14,21223,database analyst (DBA),Database analysts and data administrators,Ontario,Brampton,Toronto Region,45.0,45.0,Hour,Hour,93600.0,93600.0,93600.0,Bachelor's degree,2 years to less than 3 years,30.0,30.0,Week,feb2026
15263840,2026/02/14,21211,data scientist,Data scientists,Ontario,Mississauga,Toronto Region,30.0,69.74,Hour,Hour,62400.0,145059.19999999998,103729.59999999999,,,,,,feb2026
15262238,2026/02/04,21211,data scientist,Data scientists,Ontario,Mississauga,Toronto Region,30.0,69.74,Hour,Hour,62400.0,145059.19999999998,103729.59999999999,,,,,,feb2026
15239983,2026/02/04,21222,information technology (IT) analyst,Information systems specialists,Ontario,Mississauga,Toronto Region,50000.0,50000.0,Year,Year,50000.0,50000.0,50000.0,,,,,,feb2026
15261587,2026/02/13,21221,business systems analyst,Business systems specialists,Ontario,Mississauga,Toronto Region,145000.0,145000.0,Year,Year,145000.0,145000.0,145000.0,Bachelor's degree,5 years or more,40.0,40.0,Week,feb2026
15247921,2026/02/08,21211,big data analyst,Data scientists,Ontario,Mississauga,Toronto Region,70000.0,80000.0,Year,Year,70000.0,80000.0,75000.0,,,,,,feb2026
15261054,2026/02/06,21211,data scientist,Data scientists,Ontario,Mississauga,Toronto Region,30.0,69.74,Hour,Hour,62400.0,145059.19999999998,103729.59999999999,,,,,,feb2026
15244609,2026/02/01,21222,information technology (IT) analyst,Information systems specialists,Ontario,Toronto,Toronto Region,29800.0,60300.0,Year,Year,29800.0,60300.0,45050.0,,,,,,feb2026
15262329,2026/02/02,21211,data scientist,Data scientists,Ontario,Toronto,Toronto Region,26.0,78.0,Hour,Hour,54080.0,162240.0,108160.0,,,,,,feb2026
15261759,2026/02/02,21221,"business analyst, informatics",Business systems specialists,Ontario,Toronto,Toronto Region,30.67,62.5,Hour,Hour,63793.600000000006,130000.0,96896.8,,,,,,feb2026
15263770,2026/02/12,21211,data mining analyst,Data scientists,Ontario,Toronto,Toronto Region,26.0,78.0,Hour,Hour,54080.0,162240.0,108160.0,,,,,,feb2026
15271461,2026/02/19,21222,"analyst, information technology (IT)",Information systems specialists,Ontario,Toronto,Toronto Region,28.85,68.68,Hour,Hour,60008.0,142854.40000000002,101431.20000000001,,,,,,feb2026
15261388,2026/02/07,21221,business systems analyst,Business systems specialists,Ontario,Toronto,Toronto Region,30.67,62.5,Hour,Hour,63793.600000000006,130000.0,96896.8,,,,,,feb2026
15292161,2026/02/28,21222,"analyst, systems",Information systems specialists,Ontario,Toronto,Toronto Region,28.85,68.68,Hour,Hour,60008.0,142854.40000000002,101431.20000000001,,,,,,feb2026
15280842,2026/02/20,21222,information technology (IT) analyst,Information systems specialists,Ontario,Toronto,Toronto Region,65.0,70.0,Hour,Hour,135200.0,145600.0,140400.0,,,,,,feb2026
15280777,2026/02/14,21222,information technology (IT) analyst,Information systems specialists,Ontario,Toronto,Toronto Region,21.0,25.0,Hour,Hour,43680.0,52000.0,47840.0,,,,,,feb2026
15262241,2026/02/06,21211,data scientist,Data scientists,Ontario,Toronto,Toronto Region,30.0,69.74,Hour,Hour,62400.0,145059.19999999998,103729.59999999999,,,,,,feb2026
15285264,2026/02/24,21222,information technology (IT) analyst,Information systems specialists,Ontario,Toronto,Toronto Region,10000.0,10000.0,Month,Month,120000.0,120000.0,120000.0,,,,,,feb2026
15246761,2026/02/07,21221,business systems analyst,Business systems specialists,Ontario,Toronto,Toronto Region,30.67,62.5,Hour,Hour,63793.600000000006,130000.0,96896.8,,,,,,feb2026
15238940,2026/02/04,21211,data scientist,Data scientists,Ontario,Toronto,Toronto Region,150000.0,210000.0,Year,Year,150000.0,210000.0,180000.0,,,,,,feb2026
15291735,2026/02/27,21211,data scientist,Data scientists,Ontario,Toronto,Toronto Region,30.0,69.74,Hour,Hour,62400.0,145059.19999999998,103729.59999999999,,,,,,feb2026
15246727,2026/02/08,21222,"analyst, systems",Information systems specialists,Ontario,Toronto,Toronto Region,28.85,68.68,Hour,Hour,60008.0,142854.40000000002,101431.20000000001,,,,,,feb2026
15244533,2026/02/06,21222,information technology (IT) analyst,Information systems specialists,Ontario,Toronto,Toronto Region,40000.0,40000.0,Year,Year,40000.0,40000.0,40000.0,,,,,,feb2026
15234093,2026/02/03,21223,database architect,Database analysts and data administrators,Ontario,Toronto,Toronto Region,25.0,61.03,Hour,Hour,52000.0,126942.40000000001,89471.20000000001,,,,,,feb2026
15246784,2026/02/08,21222,"analyst, systems",Information systems specialists,Ontario,Toronto,Toronto Region,28.85,68.68,Hour,Hour,60008.0,142854.40000000002,101431.20000000001,,,,,,feb2026
15261844,2026/02/05,21221,business systems analyst,Business systems specialists,Ontario,Toronto,Toronto Region,30.67,62.5,Hour,Hour,63793.600000000006,130000.0,96896.8,,,,,,feb2026
15248057,2026/02/09,21221,business systems analyst,Business systems specialists,Ontario,Toronto,Toronto Region,30.67,62.5,Hour,Hour,63793.600000000006,130000.0,96896.8,,,,,,feb2026
15261806,2026/02/10,21211,data scientist,Data scientists,Ontario,Toronto,Toronto Region,30.0,69.74,Hour,Hour,62400.0,145059.19999999998,103729.59999999999,,,,,,feb2026
15261100,2026/02/06,21221,business systems analyst,Business systems specialists,Ontario,Toronto,Toronto Region,30.67,62.5,Hour,Hour,63793.600000000006,130000.0,96896.8,,,,,,feb2026
15280959,2026/02/10,21222,information technology (IT) analyst,Information systems specialists,Ontario,Bowmanville,Toronto Region,45000.0,47000.0,Year,Year,45000.0,47000.0,46000.0,,,,,,feb2026
15280938,2026/02/09,21222,information technology (IT) analyst,Information systems specialists,Ontario,Oakville,Toronto Region,55000.0,55000.0,Year,Year,55000.0,55000.0,55000.0,,,,,,feb2026
15264202,2026/02/14,21221,information technology (IT) business analyst,Business systems specialists,Ontario,Concord,Toronto Region,43.3,43.3,Hour,Hour,90064.0,90064.0,90064.0,College/CEGEP,1 year to less than 2 years,30.0,30.0,Week,feb2026
15236804,2026/02/04,21221,business systems analyst,Business systems specialists,Ontario,London,London Region,30.67,62.5,Hour,Hour,63793.600000000006,130000.0,96896.8,,,,,,feb2026
15252907,2026/02/10,21211,data engineer,Data scientists,Ontario,London,London Region,102710.0,134727.0,Year,Year,102710.0,134727.0,118718.5,Bachelor's degree,5 years or more,35.0,55.0,Week,feb2026
15288711,2026/02/26,21211,data scientist,Data scientists,Ontario,Woodbridge,Toronto Region,46.5,47.5,Hour,Hour,96720.0,98800.0,97760.0,Bachelor's degree,2 years to less than 3 years,40.0,40.0,Week,feb2026
15239973,2026/02/04,21211,data engineer,Data scientists,Ontario,,,130000.0,130000.0,Year,Year,130000.0,130000.0,130000.0,,,,,,feb2026
15248300,2026/02/07,21222,information technology (IT) analyst,Information systems specialists,Ontario,Brantford,Hamilton–Niagara Peninsula Region,22.0,22.0,Hour,Hour,45760.0,45760.0,45760.0,,,,,,feb2026
15285158,2026/02/11,21222,information technology (IT) analyst,Information systems specialists,Ontario,Ottawa,Ottawa Region,70000.0,70000.0,Year,Year,70000.0,70000.0,70000.0,,,,,,feb2026
15244566,2026/02/06,21222,information technology (IT) analyst,Information systems specialists,Ontario,Windsor,Windsor-Sarnia Region,31.54,31.54,Hour,Hour,65603.2,65603.2,65603.2,,,,,,feb2026
15231101,2026/02/01,21211,artificial intelligence (AI) consultant,Data scientists,Ontario,Mississauga,Toronto Region,30.0,69.74,Hour,Hour,62400.0,145059.19999999998,103729.59999999999,,,,,,feb2026
15285087,2026/02/24,21222,information technology (IT) analyst,Information systems specialists,Ontario,Mississauga,Toronto Region,24.0,24.0,Hour,Hour,49920.0,49920.0,49920.0,,,,,,feb2026
15262671,2026/02/13,21222,data processing consultant,Information systems specialists,Ontario,Mississauga,Toronto Region,28.85,68.68,Hour,Hour,60008.0,142854.40000000002,101431.20000000001,,,,,,feb2026
15231330,2026/02/01,21211,artificial intelligence (AI) consultant,Data scientists,Ontario,Toronto,Toronto Region,30.0,69.74,Hour,Hour,62400.0,145059.19999999998,103729.59999999999,,,,,,feb2026
15231091,2026/02/01,21211,data mining analyst,Data scientists,Ontario,Toronto,Toronto Region,30.0,69.74,Hour,Hour,62400.0,145059.19999999998,103729.59999999999,,,,,,feb2026
15232277,2026/02/02,21222,management information systems (MIS) consultant,Information systems specialists,Ontario,Toronto,Toronto Region,28.85,68.68,Hour,Hour,60008.0,142854.40000000002,101431.20000000001,,,,,,feb2026
15277522,2026/02/22,21222,systems QA (quality assurance) analyst,Information systems specialists,Ontario,Toronto,Toronto Region,32.0,63.0,Hour,Hour,66560.0,131040.0,98800.0,Bachelor's degree,5 years or more,40.0,40.0,Week,feb2026
15292848,2026/02/28,21221,business systems analyst,Business systems specialists,Ontario,Toronto,Toronto Region,30.67,62.5,Hour,Hour,63793.600000000006,130000.0,96896.8,,,,,,feb2026
15262832,2026/02/08,21211,artificial intelligence (AI) consultant,Data scientists,Ontario,Toronto,Toronto Region,30.0,69.74,Hour,Hour,62400.0,145059.19999999998,103729.59999999999,,,,,,feb2026
15246990,2026/02/08,21222,"consultant, information technology (IT)",Information systems specialists,Ontario,Toronto,Toronto Region,28.85,68.68,Hour,Hour,60008.0,142854.40000000002,101431.20000000001,,,,,,feb2026
15262687,2026/02/05,21221,"business analyst, informatics",Business systems specialists,Ontario,Toronto,Toronto Region,30.67,62.5,Hour,Hour,63793.600000000006,130000.0,96896.8,,,,,,feb2026
15261425,2026/02/10,21211,artificial intelligence (AI) consultant,Data scientists,Ontario,Toronto,Toronto Region,30.0,69.74,Hour,Hour,62400.0,145059.19999999998,103729.59999999999,,,,,,feb2026
15280757,2026/02/17,21222,information technology (IT) analyst,Information systems specialists,Ontario,Toronto,Toronto Region,98500.0,135500.0,Year,Year,98500.0,135500.0,117000.0,,,,,,feb2026
15262112,2026/02/07,21211,data mining analyst,Data scientists,Ontario,Toronto,Toronto Region,30.0,69.74,Hour,Hour,62400.0,145059.19999999998,103729.59999999999,,,,,,feb2026
15245556,2026/02/07,21211,data scientist,Data scientists,Ontario,Toronto,Toronto Region,30.0,69.74,Hour,Hour,62400.0,145059.19999999998,103729.59999999999,,,,,,feb2026
15287277,2026/02/26,21222,systems analyst,Information systems specialists,Ontario,Toronto,Toronto Region,28.85,68.68,Hour,Hour,60008.0,142854.40000000002,101431.20000000001,,,,,,feb2026
15247078,2026/02/07,21211,data mining analyst,Data scientists,Ontario,Toronto,Toronto Region,30.0,69.74,Hour,Hour,62400.0,145059.19999999998,103729.59999999999,,,,,,feb2026
15298118,2026/02/25,21222,information technology (IT) analyst,Information systems specialists,Ontario,Toronto,Toronto Region,50000.0,75000.0,Year,Year,50000.0,75000.0,62500.0,,,,,,feb2026
15266236,2026/02/17,21211,data scientist,Data scientists,Ontario,Toronto,Toronto Region,26.0,78.0,Hour,Hour,54080.0,162240.0,108160.0,,,,,,feb2026
15289570,2026/02/27,21221,"business analyst, informatics",Business systems specialists,Ontario,Toronto,Toronto Region,30.67,62.5,Hour,Hour,63793.600000000006,130000.0,96896.8,,,,,,feb2026
15289590,2026/02/27,21221,business systems analyst,Business systems specialists,Ontario,Toronto,Toronto Region,30.67,62.5,Hour,Hour,63793.600000000006,130000.0,96896.8,,,,,,feb2026
15249071,2026/02/09,21211,artificial intelligence (AI) consultant,Data scientists,Ontario,Toronto,Toronto Region,30.0,69.74,Hour,Hour,62400.0,145059.19999999998,103729.59999999999,,,,,,feb2026
15262237,2026/02/08,21211,artificial intelligence (AI) consultant,Data scientists,Ontario,Toronto,Toronto Region,30.0,69.74,Hour,Hour,62400.0,145059.19999999998,103729.59999999999,,,,,,feb2026
15246658,2026/02/08,21221,business systems analyst,Business systems specialists,Ontario,Toronto,Toronto Region,30.67,62.5,Hour,Hour,63793.600000000006,130000.0,96896.8,,,,,,feb2026
15240029,2026/02/03,21222,information technology (IT) analyst,Information systems specialists,Ontario,Toronto,Toronto Region,58000.0,58000.0,Year,Year,58000.0,58000.0,58000.0,,,,,,feb2026
15246763,2026/02/08,21222,management information systems (MIS) consultant,Information systems specialists,Ontario,Toronto,Toronto Region,28.85,68.68,Hour,Hour,60008.0,142854.40000000002,101431.20000000001,,,,,,feb2026
15240449,2026/02/05,21221,business systems analyst,Business systems specialists,Ontario,Toronto,Toronto Region,30.67,62.5,Hour,Hour,63793.600000000006,130000.0,96896.8,,,,,,feb2026
15258696,2026/02/12,21211,data analytics specialist,Data scientists,Ontario,Toronto,Toronto Region,100600.0,125800.0,Year,Year,100600.0,125800.0,113200.0,Bachelor's degree,5 years or more,36.25,36.25,Week,feb2026
15280738,2026/02/12,21222,information technology (IT) analyst,Information systems specialists,Ontario,Toronto,Toronto Region,50000.0,50000.0,Year,Year,50000.0,50000.0,50000.0,,,,,,feb2026
15255729,2026/02/11,21221,business systems analyst,Business systems specialists,Ontario,Toronto,Toronto Region,80000.0,110000.0,Year,Year,80000.0,110000.0,95000.0,Bachelor's degree,3 years to less than 5 years,40.0,40.0,Week,feb2026
15261410,2026/02/12,21221,business continuity analyst,Business systems specialists,Ontario,Toronto,Toronto Region,30.67,62.5,Hour,Hour,63793.600000000006,130000.0,96896.8,,,,,,feb2026
15248979,2026/02/09,21211,data scientist,Data scientists,Ontario,Toronto,Toronto Region,30.0,69.74,Hour,Hour,62400.0,145059.19999999998,103729.59999999999,,,,,,feb2026
15271476,2026/02/19,21221,business systems analyst,Business systems specialists,Ontario,Toronto,Toronto Region,30.67,62.5,Hour,Hour,63793.600000000006,130000.0,96896.8,,,,,,feb2026
15271470,2026/02/19,21221,business systems analyst,Business systems specialists,Ontario,Toronto,Toronto Region,30.67,62.5,Hour,Hour,63793.600000000006,130000.0,96896.8,,,,,,feb2026
15263308,2026/02/13,21211,data mining analyst,Data scientists,Ontario,Toronto,Toronto Region,30.0,69.74,Hour,Hour,62400.0,145059.19999999998,103729.59999999999,,,,,,feb2026
15244513,2026/02/06,21222,computer systems analyst,Information systems specialists,Ontario,Toronto,Toronto Region,28.85,68.68,Hour,Hour,60008.0,142854.40000000002,101431.20000000001,,,,,,feb2026
15266061,2026/02/16,21222,technical support engineer,Information systems specialists,Ontario,Vaughan,Toronto Region,92635.45,96904.39,Year,Year,92635.45,96904.39,94769.92,,,,,,feb2026
15285152,2026/02/18,21222,information technology (IT) analyst,Information systems specialists,Ontario,Greater Sudbury,Northeast Region,30.0,30.0,Hour,Hour,62400.0,62400.0,62400.0,,,,,,feb2026
15281162,2026/02/21,21222,information technology (IT) analyst,Information systems specialists,Ontario,North Bay,Northeast Region,190.0,190.0,Day,Day,49400.0,49400.0,49400.0,,,,,,feb2026
15290006,2026/02/26,21222,information technology (IT) analyst,Information systems specialists,Ontario,Ottawa,Ottawa Region,60000.0,60000.0,Year,Year,60000.0,60000.0,60000.0,,,,,,feb2026
15276127,2026/02/20,21222,technical project manager,Information systems specialists,Ontario,Waterloo,Kitchener–Waterloo–Barrie Region,68000.0,80000.0,Year,Year,68000.0,80000.0,74000.0,Bachelor's degree,5 years or more,37.5,40.0,Week,feb2026
15282826,2026/02/24,21221,business systems analyst,Business systems specialists,Ontario,Mississauga,Toronto Region,45.25,45.25,Hour,Hour,94120.0,94120.0,94120.0,"College, CEGEP or other non-university certificate or diploma from a program of 1 year to 2 years",1 year to less than 2 years,30.0,30.0,Week,feb2026
15248385,2026/02/07,21222,information technology (IT) analyst,Information systems specialists,Ontario,Mississauga,Toronto Region,24.0,24.0,Hour,Hour,49920.0,49920.0,49920.0,,,,,,feb2026
15286829,2026/02/25,21222,information technology (IT) analyst,Information systems specialists,Ontario,Orillia,Kitchener–Waterloo–Barrie Region,18.5,18.5,Hour,Hour,38480.0,38480.0,38480.0,,,,,,feb2026
15234004,2026/02/02,21211,data scientist,Data scientists,Ontario,Toronto,Toronto Region,26.0,78.0,Hour,Hour,54080.0,162240.0,108160.0,,,,,,feb2026
15276941,2026/02/21,21211,data scientist,Data scientists,Ontario,Toronto,Toronto Region,30.0,69.74,Hour,Hour,62400.0,145059.19999999998,103729.59999999999,,,,,,feb2026
15293632,2026/02/26,21222,information technology (IT) analyst,Information systems specialists,Ontario,Toronto,Toronto Region,20.41,26.85,Hour,Hour,42452.8,55848.0,49150.4,,,,,,feb2026
15291747,2026/02/27,21221,"business analyst, informatics",Business systems specialists,Ontario,Toronto,Toronto Region,30.67,62.5,Hour,Hour,63793.600000000006,130000.0,96896.8,,,,,,feb2026
15261111,2026/02/04,21222,solutions architect - information technology (IT),Information systems specialists,Ontario,Toronto,Toronto Region,28.85,68.68,Hour,Hour,60008.0,142854.40000000002,101431.20000000001,,,,,,feb2026
15247093,2026/02/08,21221,business systems analyst,Business systems specialists,Ontario,Toronto,Toronto Region,30.67,62.5,Hour,Hour,63793.600000000006,130000.0,96896.8,,,,,,feb2026
15246962,2026/02/07,21222,solutions architect - information technology (IT),Information systems specialists,Ontario,Toronto,Toronto Region,28.85,68.68,Hour,Hour,60008.0,142854.40000000002,101431.20000000001,,,,,,feb2026
15287282,2026/02/26,21221,business systems analyst,Business systems specialists,Ontario,Toronto,Toronto Region,30.67,62.5,Hour,Hour,63793.600000000006,130000.0,96896.8,,,,,,feb2026
15241888,2026/02/06,21221,"business analyst, informatics",Business systems specialists,Ontario,Toronto,Toronto Region,30.67,62.5,Hour,Hour,63793.600000000006,130000.0,96896.8,,,,,,feb2026
15246859,2026/02/08,21221,business systems analyst,Business systems specialists,Ontario,Toronto,Toronto Region,30.67,62.5,Hour,Hour,63793.600000000006,130000.0,96896.8,,,,,,feb2026
15261948,2026/02/03,21223,data analyst - informatics and systems,Database analysts and data administrators,Ontario,Toronto,Toronto Region,25.0,61.03,Hour,Hour,52000.0,126942.40000000001,89471.20000000001,,,,,,feb2026
15285234,2026/02/23,21222,information technology (IT) analyst,Information systems specialists,Ontario,Toronto,Toronto Region,80000.0,80000.0,Year,Year,80000.0,80000.0,80000.0,,,,,,feb2026
15246862,2026/02/08,21221,business systems analyst,Business systems specialists,Ontario,Toronto,Toronto Region,30.67,62.5,Hour,Hour,63793.600000000006,130000.0,96896.8,,,,,,feb2026
15246875,2026/02/08,21222,solutions architect - information technology (IT),Information systems specialists,Ontario,Toronto,Toronto Region,28.85,68.68,Hour,Hour,60008.0,142854.40000000002,101431.20000000001,,,,,,feb2026
15246647,2026/02/08,21221,business systems analyst,Business systems specialists,Ontario,Toronto,Toronto Region,30.67,62.5,Hour,Hour,63793.600000000006,130000.0,96896.8,,,,,,feb2026
15247028,2026/02/08,21221,business systems analyst,Business systems specialists,Ontario,Toronto,Toronto Region,30.67,62.5,Hour,Hour,63793.600000000006,130000.0,96896.8,,,,,,feb2026
15246775,2026/02/08,21221,business systems analyst,Business systems specialists,Ontario,Toronto,Toronto Region,30.67,62.5,Hour,Hour,63793.600000000006,130000.0,96896.8,,,,,,feb2026
15246891,2026/02/08,21222,management information systems (MIS) consultant,Information systems specialists,Ontario,Toronto,Toronto Region,28.85,68.68,Hour,Hour,60008.0,142854.40000000002,101431.20000000001,,,,,,feb2026
15250450,2026/02/09,21211,machine learning specialist,Data scientists,Ontario,Toronto,Toronto Region,125800.0,157300.0,Year,Year,125800.0,157300.0,141550.0,Bachelor's degree,3 years to less than 5 years,36.25,36.25,Week,feb2026
15262335,2026/02/12,21221,business systems analyst,Business systems specialists,Ontario,Toronto,Toronto Region,30.67,62.5,Hour,Hour,63793.600000000006,130000.0,96896.8,,,,,,feb2026
15261103,2026/02/12,21222,"analyst, information technology (IT)",Information systems specialists,Ontario,Toronto,Toronto Region,28.85,68.68,Hour,Hour,60008.0,142854.40000000002,101431.20000000001,,,,,,feb2026
15254546,2026/02/11,21222,computer simulations analyst,Information systems specialists,Ontario,Toronto,Toronto Region,48.0,56.0,Hour,Hour,99840.0,116480.0,108160.0,Earned doctorate degree,5 years or more,37.5,40.0,Week,feb2026
15262684,2026/02/13,21223,data analyst - informatics and systems,Database analysts and data administrators,Ontario,Toronto,Toronto Region,25.0,61.03,Hour,Hour,52000.0,126942.40000000001,89471.20000000001,,,,,,feb2026
15240003,2026/02/03,21222,information technology (IT) analyst,Information systems specialists,Ontario,Collingwood,Kitchener–Waterloo–Barrie Region,110000.0,110000.0,Year,Year,110000.0,110000.0,110000.0,,,,,,feb2026
15280947,2026/02/21,21222,information technology (IT) analyst,Information systems specialists,Ontario,Markham,Toronto Region,20.0,20.0,Hour,Hour,41600.0,41600.0,41600.0,,,,,,feb2026
15280984,2026/02/21,21222,information technology (IT) analyst,Information systems specialists,Ontario,Markham,Toronto Region,20.0,20.0,Hour,Hour,41600.0,41600.0,41600.0,,,,,,feb2026
15239971,2026/02/04,21222,information technology (IT) analyst,Information systems specialists,Ontario,Markham,Toronto Region,20.0,20.0,Hour,Hour,41600.0,41600.0,41600.0,,,,,,feb2026
15231941,2026/02/02,21222,systems analyst,Information systems specialists,Ontario,Etobicoke,Toronto Region,110000.0,110000.0,Year,Year,110000.0,110000.0,110000.0,"College, CEGEP or other non-university certificate or diploma from a program of 1 year to 2 years",2 years to less than 3 years,40.0,40.0,Week,feb2026
15239672,2026/02/05,21221,business systems analyst,Business systems specialists,Ontario,London,London Region,30.67,62.5,Hour,Hour,63793.600000000006,130000.0,96896.8,,,,,,feb2026
15290034,2026/02/26,21222,information technology (IT) analyst,Information systems specialists,Ontario,Milton,Toronto Region,28.0,28.0,Hour,Hour,58240.0,58240.0,58240.0,,,,,,feb2026
15285249,2026/02/18,21222,information technology (IT) analyst,Information systems specialists,Ontario,Greater Sudbury,Northeast Region,25.0,25.0,Hour,Hour,52000.0,52000.0,52000.0,,,,,,feb2026
15292904,2026/03/01,21211,data scientist,Data scientists,Ontario,Toronto,Toronto Region,30.0,69.74,Hour,Hour,62400.0,145059.19999999998,103729.59999999999,,,,,,mar2026
15298542,2026/03/01,21223,"manager, database",Database analysts and data administrators,Ontario,Waterloo,Kitchener–Waterloo–Barrie Region,24.0,58.0,Hour,Hour,49920.0,120640.0,85280.0,,,,,,mar2026
15298547,2026/03/01,21223,"manager, database",Database analysts and data administrators,Ontario,Guelph,Kitchener–Waterloo–Barrie Region,24.0,58.0,Hour,Hour,49920.0,120640.0,85280.0,,,,,,mar2026
15292877,2026/03/01,21221,business systems analyst,Business systems specialists,Ontario,Mississauga,Toronto Region,30.67,62.5,Hour,Hour,63793.600000000006,130000.0,96896.8,,,,,,mar2026
15304675,2026/03/02,21222,technical support engineer,Information systems specialists,Ontario,Markham,Toronto Region,35000.0,45000.0,Year,Year,35000.0,45000.0,40000.0,,,,,,mar2026
15294248,2026/03/02,21223,data analyst - informatics and systems,Database analysts and data administrators,Ontario,Richmond Hill,Toronto Region,45.0,45.0,Hour,Hour,93600.0,93600.0,93600.0,Bachelor's degree,1 year to less than 2 years,30.0,30.0,Week,mar2026
15368724,2026/03/31,21222,information technology (IT) analyst,Information systems specialists,Ontario,Toronto,Toronto Region,100000.0,100000.0,Year,Year,100000.0,100000.0,100000.0,,,,,,mar2026
15362080,2026/03/29,21223,database analyst,Database analysts and data administrators,Ontario,Toronto,Toronto Region,25.0,61.03,Hour,Hour,52000.0,126942.40000000001,89471.20000000001,,,,,,mar2026
15361224,2026/03/28,21222,management information systems (MIS) analyst,Information systems specialists,Ontario,Toronto,Toronto Region,28.85,68.68,Hour,Hour,60008.0,142854.40000000002,101431.20000000001,,,,,,mar2026
15296442,2026/03/03,21211,artificial intelligence (AI) consultant,Data scientists,Ontario,Toronto,Toronto Region,30.0,69.74,Hour,Hour,62400.0,145059.19999999998,103729.59999999999,,,,,,mar2026
15365660,2026/03/31,21221,business systems analyst,Business systems specialists,Ontario,Toronto,Toronto Region,30.67,62.5,Hour,Hour,63793.600000000006,130000.0,96896.8,,,,,,mar2026
15317099,2026/03/10,21222,information technology (IT) analyst,Information systems specialists,Ontario,Aurora,Toronto Region,64933.0,64933.0,Year,Year,64933.0,64933.0,64933.0,,,,,,mar2026
15296455,2026/03/03,21222,"consultant, data processing",Information systems specialists,Ontario,Toronto,Toronto Region,28.85,68.68,Hour,Hour,60008.0,142854.40000000002,101431.20000000001,,,,,,mar2026
15308497,2026/03/05,21222,systems quality assurance (QA) analyst,Information systems specialists,Ontario,Toronto,Toronto Region,26.0,63.0,Hour,Hour,54080.0,131040.0,92560.0,,,,,,mar2026
15308494,2026/03/05,21223,"analyst, database",Database analysts and data administrators,Ontario,Toronto,Toronto Region,24.0,58.0,Hour,Hour,49920.0,120640.0,85280.0,,,,,,mar2026
15334504,2026/03/11,21211,data engineer,Data scientists,Ontario,Markham,Toronto Region,60000.0,70000.0,Year,Year,60000.0,70000.0,65000.0,,,,,,mar2026
15302714,2026/03/06,21223,data analyst - informatics and systems,Database analysts and data administrators,Ontario,Toronto,Toronto Region,25.0,61.03,Hour,Hour,52000.0,126942.40000000001,89471.20000000001,,,,,,mar2026
15317053,2026/03/09,21222,information technology (IT) analyst,Information systems specialists,Ontario,Toronto,Toronto Region,46.09,46.09,Hour,Hour,95867.20000000001,95867.20000000001,95867.20000000001,,,,,,mar2026
15312272,2026/03/09,21222,systems analyst,Information systems specialists,Ontario,Concord,Toronto Region,48.5,48.5,Hour,Hour,100880.0,100880.0,100880.0,College/CEGEP,1 year to less than 2 years,30.0,30.0,Week,mar2026
15324034,2026/03/13,21222,information technology (IT) analyst,Information systems specialists,Ontario,Toronto,Toronto Region,65000.0,65000.0,Year,Year,65000.0,65000.0,65000.0,,,,,,mar2026
15326666,2026/03/13,21222,information technology (IT) consultant,Information systems specialists,Ontario,Toronto,Toronto Region,28.85,68.68,Hour,Hour,60008.0,142854.40000000002,101431.20000000001,,,,,,mar2026
15319881,2026/03/12,21211,data mining analyst,Data scientists,Ontario,Toronto,Toronto Region,30.0,69.74,Hour,Hour,62400.0,145059.19999999998,103729.59999999999,,,,,,mar2026
15326634,2026/03/14,21221,business systems analyst,Business systems specialists,Ontario,Toronto,Toronto Region,30.67,62.5,Hour,Hour,63793.600000000006,130000.0,96896.8,,,,,,mar2026
15326636,2026/03/14,21223,database architect,Database analysts and data administrators,Ontario,Toronto,Toronto Region,25.0,61.03,Hour,Hour,52000.0,126942.40000000001,89471.20000000001,,,,,,mar2026
15331715,2026/03/15,21223,data analyst - informatics and systems,Database analysts and data administrators,Ontario,Toronto,Toronto Region,24.0,58.0,Hour,Hour,49920.0,120640.0,85280.0,,,,,,mar2026
15327708,2026/03/15,21221,business systems analyst,Business systems specialists,Ontario,Toronto,Toronto Region,30.67,62.5,Hour,Hour,63793.600000000006,130000.0,96896.8,,,,,,mar2026
15353003,2026/03/20,21221,information technology (IT) business analyst,Business systems specialists,Ontario,Toronto,Toronto Region,65.0,70.0,Hour,Hour,135200.0,145600.0,140400.0,,,,,,mar2026
15352968,2026/03/24,21222,information technology (IT) analyst,Information systems specialists,Ontario,Toronto,Toronto Region,35.0,35.0,Hour,Hour,72800.0,72800.0,72800.0,,,,,,mar2026
15346935,2026/03/23,21222,information technology (IT) analyst,Information systems specialists,Ontario,Toronto,Toronto Region,40.0,40.0,Hour,Hour,83200.0,83200.0,83200.0,,,,,,mar2026
15346802,2026/03/23,21222,information technology (IT) analyst,Information systems specialists,Ontario,Toronto,Toronto Region,73.0,73.0,Hour,Hour,151840.0,151840.0,151840.0,,,,,,mar2026
15297828,2026/03/04,21222,"analyst, systems",Information systems specialists,Ontario,Mississauga,Toronto Region,28.85,68.68,Hour,Hour,60008.0,142854.40000000002,101431.20000000001,,,,,,mar2026
15326691,2026/03/14,21211,data mining analyst,Data scientists,Ontario,Toronto,Toronto Region,30.0,69.74,Hour,Hour,62400.0,145059.19999999998,103729.59999999999,,,,,,mar2026
15363327,2026/03/27,21222,information technology (IT) analyst,Information systems specialists,Ontario,Toronto,Toronto Region,80.0,80.0,Hour,Hour,166400.0,166400.0,166400.0,,,,,,mar2026
15363363,2026/03/27,21222,information technology (IT) analyst,Information systems specialists,Ontario,Toronto,Toronto Region,65.0,65.0,Hour,Hour,135200.0,135200.0,135200.0,,,,,,mar2026
15346863,2026/03/23,21222,information technology (IT) analyst,Information systems specialists,Ontario,Toronto,Toronto Region,95.0,95.0,Hour,Hour,197600.0,197600.0,197600.0,,,,,,mar2026
15346856,2026/03/23,21222,information technology (IT) analyst,Information systems specialists,Ontario,Toronto,Toronto Region,95.0,95.0,Hour,Hour,197600.0,197600.0,197600.0,,,,,,mar2026
15355332,2026/03/25,21221,business data analyst,Business systems specialists,Ontario,Nepean,Ottawa Region,3850.0,3850.0,Bi-weekly,Bi-weekly,100100.0,100100.0,100100.0,Master's degree,5 years or more,70.0,70.0,Bi-weekly,mar2026
15335126,2026/03/11,21222,information technology (IT) consultant,Information systems specialists,Ontario,Toronto,Toronto Region,26.0,63.0,Hour,Hour,54080.0,131040.0,92560.0,,,,,,mar2026
15346726,2026/03/23,21222,information technology (IT) analyst,Information systems specialists,Ontario,Toronto,Toronto Region,40.0,40.0,Hour,Hour,83200.0,83200.0,83200.0,,,,,,mar2026
15346747,2026/03/23,21222,information technology (IT) analyst,Information systems specialists,Ontario,Toronto,Toronto Region,65.0,65.0,Hour,Hour,135200.0,135200.0,135200.0,,,,,,mar2026
15346163,2026/03/22,21211,data scientist,Data scientists,Ontario,Toronto,Toronto Region,30.0,69.74,Hour,Hour,62400.0,145059.19999999998,103729.59999999999,,,,,,mar2026
15363304,2026/03/25,21211,data engineer,Data scientists,Ontario,Oshawa,Toronto Region,75.58,92.58,Hour,Hour,157206.4,192566.4,174886.4,,,,,,mar2026
15346934,2026/03/23,21222,information technology (IT) analyst,Information systems specialists,Ontario,Toronto,Toronto Region,73.0,73.0,Hour,Hour,151840.0,151840.0,151840.0,,,,,,mar2026
15346728,2026/03/23,21222,information technology (IT) analyst,Information systems specialists,Ontario,Toronto,Toronto Region,70.0,70.0,Hour,Hour,145600.0,145600.0,145600.0,,,,,,mar2026
15347054,2026/03/23,21222,information technology (IT) analyst,Information systems specialists,Ontario,Toronto,Toronto Region,35.0,35.0,Hour,Hour,72800.0,72800.0,72800.0,,,,,,mar2026
15323222,2026/03/13,21221,business systems analyst,Business systems specialists,Ontario,Toronto,Toronto Region,30.67,62.5,Hour,Hour,63793.600000000006,130000.0,96896.8,,,,,,mar2026
15346849,2026/03/20,21222,information technology (IT) analyst,Information systems specialists,Ontario,Toronto,Toronto Region,54869.0,54869.0,Year,Year,54869.0,54869.0,54869.0,,,,,,mar2026
15355394,2026/03/26,21221,business systems analyst,Business systems specialists,Ontario,Toronto,Toronto Region,30.67,62.5,Hour,Hour,63793.600000000006,130000.0,96896.8,,,,,,mar2026
15335510,2026/03/17,21222,information technology (IT) analyst,Information systems specialists,Ontario,North Bay,Northeast Region,200.0,200.0,Day,Day,52000.0,52000.0,52000.0,,,,,,mar2026
15363263,2026/03/26,21222,information technology (IT) analyst,Information systems specialists,Ontario,Ottawa,Ottawa Region,20.0,20.0,Hour,Hour,41600.0,41600.0,41600.0,,,,,,mar2026
15353050,2026/03/23,21222,information technology (IT) analyst,Information systems specialists,Ontario,Toronto,Toronto Region,70000.0,70000.0,Year,Year,70000.0,70000.0,70000.0,,,,,,mar2026
15335483,2026/03/17,21222,information technology (IT) analyst,Information systems specialists,Ontario,Brampton,Toronto Region,50000.0,60000.0,Year,Year,50000.0,60000.0,55000.0,,,,,,mar2026
15293728,2026/03/01,21222,information technology (IT) analyst,Information systems specialists,Ontario,Toronto,Toronto Region,90000.0,130000.0,Year,Year,90000.0,130000.0,110000.0,,,,,,mar2026
15293198,2026/03/01,21211,artificial intelligence (AI) consultant,Data scientists,Ontario,Toronto,Toronto Region,30.0,69.74,Hour,Hour,62400.0,145059.19999999998,103729.59999999999,,,,,,mar2026
15292862,2026/03/01,21211,data scientist,Data scientists,Ontario,Toronto,Toronto Region,30.0,69.74,Hour,Hour,62400.0,145059.19999999998,103729.59999999999,,,,,,mar2026
15292869,2026/03/01,21221,"business analyst, informatics",Business systems specialists,Ontario,London,London Region,30.67,62.5,Hour,Hour,63793.600000000006,130000.0,96896.8,,,,,,mar2026
15298193,2026/03/02,21222,information technology (IT) analyst,Information systems specialists,Ontario,Ottawa,Ottawa Region,30.0,30.0,Hour,Hour,62400.0,62400.0,62400.0,,,,,,mar2026
15295627,2026/03/02,21222,systems analyst,Information systems specialists,Ontario,Etobicoke,Toronto Region,48.25,48.25,Hour,Hour,100360.0,100360.0,100360.0,Bachelor's degree,1 year to less than 2 years,30.0,30.0,Week,mar2026
15305659,2026/03/02,21211,big data analyst,Data scientists,Ontario,Toronto,Toronto Region,85000.0,100000.0,Year,Year,85000.0,100000.0,92500.0,,,,,,mar2026
15362580,2026/03/29,21223,data analyst - informatics and systems,Database analysts and data administrators,Ontario,Toronto,Toronto Region,25.0,61.03,Hour,Hour,52000.0,126942.40000000001,89471.20000000001,,,,,,mar2026
15363187,2026/03/28,21222,information technology (IT) analyst,Information systems specialists,Ontario,Hamilton,Hamilton–Niagara Peninsula Region,75000.0,98000.0,Year,Year,75000.0,98000.0,86500.0,,,,,,mar2026
15361202,2026/03/28,21221,business systems analyst,Business systems specialists,Ontario,Toronto,Toronto Region,30.67,62.5,Hour,Hour,63793.600000000006,130000.0,96896.8,,,,,,mar2026
15361251,2026/03/28,21222,solutions architect - information technology (IT),Information systems specialists,Ontario,Toronto,Toronto Region,28.85,68.68,Hour,Hour,60008.0,142854.40000000002,101431.20000000001,,,,,,mar2026
15364261,2026/03/30,21211,data engineer,Data scientists,Ontario,Ottawa,Ottawa Region,89056.0,111320.0,Year,Year,89056.0,111320.0,100188.0,Master's degree,5 years or more,37.5,37.5,Week,mar2026
15362094,2026/03/29,21222,data processing consultant,Information systems specialists,Ontario,Toronto,Toronto Region,28.85,68.68,Hour,Hour,60008.0,142854.40000000002,101431.20000000001,,,,,,mar2026
15296440,2026/03/03,21222,management information systems (MIS) analyst,Information systems specialists,Ontario,Toronto,Toronto Region,28.85,68.68,Hour,Hour,60008.0,142854.40000000002,101431.20000000001,,,,,,mar2026
15300604,2026/03/04,21222,information technology (IT) analyst,Information systems specialists,Ontario,Toronto,Toronto Region,65000.0,65000.0,Year,Year,65000.0,65000.0,65000.0,,,,,,mar2026
15368495,2026/03/30,21223,"manager, database",Database analysts and data administrators,Ontario,Toronto,Toronto Region,24.0,58.0,Hour,Hour,49920.0,120640.0,85280.0,,,,,,mar2026
15308596,2026/03/07,21211,data scientist,Data scientists,Ontario,Toronto,Toronto Region,30.0,69.74,Hour,Hour,62400.0,145059.19999999998,103729.59999999999,,,,,,mar2026
15302973,2026/03/06,21222,information technology (IT) consultant,Information systems specialists,Ontario,Toronto,Toronto Region,26.0,63.0,Hour,Hour,54080.0,131040.0,92560.0,,,,,,mar2026
15317601,2026/03/11,21223,data administrator,Database analysts and data administrators,Ontario,Etobicoke,Toronto Region,24.0,31.25,Hour,Hour,49920.0,65000.0,57460.0,,,,,,mar2026
15310616,2026/03/07,21222,information technology (IT) analyst,Information systems specialists,Ontario,Toronto,Toronto Region,17.43,17.43,Hour,Hour,36254.4,36254.4,36254.4,,,,,,mar2026
15310520,2026/03/08,21222,information technology (IT) analyst,Information systems specialists,Ontario,Toronto,Toronto Region,65000.0,65000.0,Year,Year,65000.0,65000.0,65000.0,,,,,,mar2026
15296482,2026/03/03,21221,business systems analyst,Business systems specialists,Ontario,Toronto,Toronto Region,30.67,62.5,Hour,Hour,63793.600000000006,130000.0,96896.8,,,,,,mar2026
15362912,2026/03/30,21211,artificial intelligence (AI) consultant,Data scientists,Ontario,Toronto,Toronto Region,30.0,69.74,Hour,Hour,62400.0,145059.19999999998,103729.59999999999,,,,,,mar2026
15310270,2026/03/05,21223,database architect,Database analysts and data administrators,Ontario,Toronto,Toronto Region,24.0,58.0,Hour,Hour,49920.0,120640.0,85280.0,,,,,,mar2026
15319069,2026/03/11,21221,business systems analyst,Business systems specialists,Ontario,North York,Toronto Region,90000.0,90000.0,Year,Year,90000.0,90000.0,90000.0,Bachelor's degree,2 years to less than 3 years,37.5,37.5,Week,mar2026
15324009,2026/03/11,21222,information technology (IT) analyst,Information systems specialists,Ontario,Toronto,Toronto Region,10000.0,10000.0,Month,Month,120000.0,120000.0,120000.0,,,,,,mar2026
15302580,2026/03/05,21222,applications analyst - computer systems,Information systems specialists,Ontario,Toronto,Toronto Region,26.0,63.0,Hour,Hour,54080.0,131040.0,92560.0,,,,,,mar2026
15302643,2026/03/05,21221,"business analyst, informatics",Business systems specialists,Ontario,Toronto,Toronto Region,30.67,62.5,Hour,Hour,63793.600000000006,130000.0,96896.8,,,,,,mar2026
15310921,2026/03/09,21221,business systems analyst,Business systems specialists,Ontario,Toronto,Toronto Region,30.67,62.5,Hour,Hour,63793.600000000006,130000.0,96896.8,,,,,,mar2026
15325161,2026/03/13,21222,"analyst, information technology (IT)",Information systems specialists,Ontario,,,41600.0,100000.0,Year,Year,41600.0,100000.0,70800.0,Bachelor's degree,3 years to less than 5 years,44.0,44.0,Week,mar2026
15310510,2026/03/06,21222,information technology (IT) analyst,Information systems specialists,Ontario,,,2000.0,3500.0,Year,Month,24000.0,42000.0,33000.0,,,,,,mar2026
15327769,2026/03/15,21223,data analyst - informatics and systems,Database analysts and data administrators,Ontario,Toronto,Toronto Region,25.0,61.03,Hour,Hour,52000.0,126942.40000000001,89471.20000000001,,,,,,mar2026
15327255,2026/03/14,21211,artificial intelligence (AI) analyst,Data scientists,Ontario,Toronto,Toronto Region,30.0,69.74,Hour,Hour,62400.0,145059.19999999998,103729.59999999999,,,,,,mar2026
15353001,2026/03/24,21222,information technology (IT) analyst,Information systems specialists,Ontario,Toronto,Toronto Region,90.0,90.0,Hour,Hour,187200.0,187200.0,187200.0,,,,,,mar2026
15352957,2026/03/24,21222,information technology (IT) analyst,Information systems specialists,Ontario,Toronto,Toronto Region,35.0,35.0,Hour,Hour,72800.0,72800.0,72800.0,,,,,,mar2026
15352923,2026/03/23,21222,information technology (IT) analyst,Information systems specialists,Ontario,Toronto,Toronto Region,101.0,101.0,Day,Day,26260.0,26260.0,26260.0,,,,,,mar2026
15346927,2026/03/23,21222,information technology (IT) analyst,Information systems specialists,Ontario,Toronto,Toronto Region,80.0,80.0,Hour,Hour,166400.0,166400.0,166400.0,,,,,,mar2026
15363287,2026/03/25,21222,information technology (IT) analyst,Information systems specialists,Ontario,Oshawa,Toronto Region,75.98,92.58,Hour,Hour,158038.4,192566.4,175302.4,,,,,,mar2026
15363248,2026/03/27,21222,information technology (IT) analyst,Information systems specialists,Ontario,Toronto,Toronto Region,40.0,40.0,Hour,Hour,83200.0,83200.0,83200.0,,,,,,mar2026
15300663,2026/03/04,21222,information technology (IT) analyst,Information systems specialists,Ontario,Mississauga,Toronto Region,50000.0,50000.0,Year,Year,50000.0,50000.0,50000.0,,,,,,mar2026
15297830,2026/03/04,21223,data analyst - informatics and systems,Database analysts and data administrators,Ontario,Toronto,Toronto Region,25.0,61.03,Hour,Hour,52000.0,126942.40000000001,89471.20000000001,,,,,,mar2026
15347034,2026/03/23,21222,information technology (IT) analyst,Information systems specialists,Ontario,Toronto,Toronto Region,70.0,70.0,Hour,Hour,145600.0,145600.0,145600.0,,,,,,mar2026
15346946,2026/03/23,21222,information technology (IT) analyst,Information systems specialists,Ontario,Toronto,Toronto Region,50.0,50.0,Hour,Hour,104000.0,104000.0,104000.0,,,,,,mar2026
15298157,2026/03/03,21222,information technology (IT) analyst,Information systems specialists,Ontario,Toronto,Toronto Region,82000.0,82000.0,Year,Year,82000.0,82000.0,82000.0,,,,,,mar2026
15362064,2026/03/27,21222,IT (information technology) consultant,Information systems specialists,Ontario,Toronto,Toronto Region,26.0,63.0,Hour,Hour,54080.0,131040.0,92560.0,,,,,,mar2026
15363297,2026/03/27,21222,information technology (IT) analyst,Information systems specialists,Ontario,Toronto,Toronto Region,50.0,50.0,Hour,Hour,104000.0,104000.0,104000.0,,,,,,mar2026
15346663,2026/03/23,21222,information technology (IT) analyst,Information systems specialists,Ontario,Toronto,Toronto Region,180.0,180.0,Day,Day,46800.0,46800.0,46800.0,,,,,,mar2026
15346670,2026/03/23,21222,information technology (IT) analyst,Information systems specialists,Ontario,Toronto,Toronto Region,60.0,60.0,Hour,Hour,124800.0,124800.0,124800.0,,,,,,mar2026
15353820,2026/03/25,21223,data analyst - informatics and systems,Database analysts and data administrators,Ontario,Toronto,Toronto Region,25.0,61.03,Hour,Hour,52000.0,126942.40000000001,89471.20000000001,,,,,,mar2026
15352885,2026/03/24,21222,information technology (IT) analyst,Information systems specialists,Ontario,Toronto,Toronto Region,40.0,40.0,Hour,Hour,83200.0,83200.0,83200.0,,,,,,mar2026
15352996,2026/03/24,21222,information technology (IT) analyst,Information systems specialists,Ontario,Toronto,Toronto Region,60.0,60.0,Hour,Hour,124800.0,124800.0,124800.0,,,,,,mar2026
15357740,2026/03/25,21211,artificial intelligence (AI) consultant,Data scientists,Ontario,Toronto,Toronto Region,26.0,78.0,Hour,Hour,54080.0,162240.0,108160.0,,,,,,mar2026
15346857,2026/03/23,21222,information technology (IT) analyst,Information systems specialists,Ontario,Toronto,Toronto Region,30.0,30.0,Hour,Hour,62400.0,62400.0,62400.0,,,,,,mar2026
15346657,2026/03/23,21222,information technology (IT) analyst,Information systems specialists,Ontario,Toronto,Toronto Region,65.0,65.0,Hour,Hour,135200.0,135200.0,135200.0,,,,,,mar2026
15323186,2026/03/13,21222,systems analyst,Information systems specialists,Ontario,Toronto,Toronto Region,28.85,68.68,Hour,Hour,60008.0,142854.40000000002,101431.20000000001,,,,,,mar2026
15345524,2026/03/21,21223,data analyst - informatics and systems,Database analysts and data administrators,Ontario,Toronto,Toronto Region,25.0,61.03,Hour,Hour,52000.0,126942.40000000001,89471.20000000001,,,,,,mar2026
15363220,2026/03/26,21222,information technology (IT) analyst,Information systems specialists,Ontario,Mississauga,Toronto Region,20.0,22.0,Hour,Hour,41600.0,45760.0,43680.0,,,,,,mar2026
15346939,2026/03/12,21222,information technology (IT) analyst,Information systems specialists,Ontario,Barrie,Kitchener–Waterloo–Barrie Region,60000.0,60000.0,Year,Year,60000.0,60000.0,60000.0,,,,,,mar2026
15347041,2026/03/23,21222,information technology (IT) analyst,Information systems specialists,Ontario,Toronto,Toronto Region,73.0,73.0,Hour,Hour,151840.0,151840.0,151840.0,,,,,,mar2026
15346718,2026/03/23,21222,information technology (IT) analyst,Information systems specialists,Ontario,Toronto,Toronto Region,40.0,40.0,Hour,Hour,83200.0,83200.0,83200.0,,,,,,mar2026
15346710,2026/03/23,21222,information technology (IT) analyst,Information systems specialists,Ontario,Toronto,Toronto Region,25.0,25.0,Hour,Hour,52000.0,52000.0,52000.0,,,,,,mar2026
15346880,2026/03/23,21222,information technology (IT) analyst,Information systems specialists,Ontario,Toronto,Toronto Region,70.0,70.0,Hour,Hour,145600.0,145600.0,145600.0,,,,,,mar2026
15346832,2026/03/23,21222,information technology (IT) analyst,Information systems specialists,Ontario,Toronto,Toronto Region,45.0,45.0,Hour,Hour,93600.0,93600.0,93600.0,,,,,,mar2026
15346836,2026/03/23,21222,information technology (IT) analyst,Information systems specialists,Ontario,Toronto,Toronto Region,40.0,40.0,Hour,Hour,83200.0,83200.0,83200.0,,,,,,mar2026
15363358,2026/03/17,21222,information technology (IT) analyst,Information systems specialists,Ontario,Sarnia,Windsor-Sarnia Region,30.0,30.0,Hour,Hour,62400.0,62400.0,62400.0,,,,,,mar2026
15298071,2026/03/03,21222,information technology (IT) analyst,Information systems specialists,Ontario,Toronto,Toronto Region,101.0,101.0,Day,Day,26260.0,26260.0,26260.0,,,,,,mar2026
15362091,2026/03/29,21221,business systems analyst,Business systems specialists,Ontario,Toronto,Toronto Region,30.67,62.5,Hour,Hour,63793.600000000006,130000.0,96896.8,,,,,,mar2026
15363480,2026/03/30,21222,IT (information technology) consultant,Information systems specialists,Ontario,Hamilton,Hamilton–Niagara Peninsula Region,48.0,48.0,Hour,Hour,99840.0,99840.0,99840.0,Bachelor's degree,5 years or more,30.0,40.0,Week,mar2026
15368935,2026/03/31,21222,information technology (IT) analyst,Information systems specialists,Ontario,Toronto,Toronto Region,50000.0,50000.0,Year,Year,50000.0,50000.0,50000.0,,,,,,mar2026
15297821,2026/03/04,21221,business systems analyst,Business systems specialists,Ontario,Toronto,Toronto Region,30.67,62.5,Hour,Hour,63793.600000000006,130000.0,96896.8,,,,,,mar2026
15306614,2026/03/06,21211,data scientist,Data scientists,Ontario,Toronto,Toronto Region,30.0,69.74,Hour,Hour,62400.0,145059.19999999998,103729.59999999999,,,,,,mar2026
15317061,2026/03/09,21222,information technology (IT) analyst,Information systems specialists,Ontario,Toronto,Toronto Region,101.0,101.0,Day,Day,26260.0,26260.0,26260.0,,,,,,mar2026
15317150,2026/03/10,21222,information technology (IT) analyst,Information systems specialists,Ontario,Toronto,Toronto Region,94824.0,94824.0,Year,Year,94824.0,94824.0,94824.0,,,,,,mar2026
15309856,2026/03/08,21211,artificial intelligence (AI) consultant,Data scientists,Ontario,Mississauga,Toronto Region,30.0,69.74,Hour,Hour,62400.0,145059.19999999998,103729.59999999999,,,,,,mar2026
15297643,2026/03/03,21211,artificial intelligence (AI) analyst,Data scientists,Ontario,Toronto,Toronto Region,30.0,69.74,Hour,Hour,62400.0,145059.19999999998,103729.59999999999,,,,,,mar2026
15330727,2026/03/16,21211,data scientist,Data scientists,Ontario,Kitchener,Kitchener–Waterloo–Barrie Region,53094.34,116898.51,Year,Year,53094.34,116898.51,84996.42499999999,,,,,,mar2026
15324080,2026/03/11,21222,information technology (IT) analyst,Information systems specialists,Ontario,Toronto,Toronto Region,40000.0,40000.0,Year,Year,40000.0,40000.0,40000.0,,,,,,mar2026
15302642,2026/03/05,21211,data scientist,Data scientists,Ontario,Toronto,Toronto Region,30.0,69.74,Hour,Hour,62400.0,145059.19999999998,103729.59999999999,,,,,,mar2026
15303042,2026/03/06,21222,information technology (IT) analyst,Information systems specialists,Ontario,Toronto,Toronto Region,55000.0,65000.0,Year,Year,55000.0,65000.0,60000.0,,,,,,mar2026
15310576,2026/03/06,21222,information technology (IT) analyst,Information systems specialists,Ontario,Toronto,Toronto Region,2000.0,3500.0,Year,Month,24000.0,42000.0,33000.0,,,,,,mar2026
15319876,2026/03/12,21222,solutions architect - information technology (IT),Information systems specialists,Ontario,Toronto,Toronto Region,28.85,68.68,Hour,Hour,60008.0,142854.40000000002,101431.20000000001,,,,,,mar2026
15319894,2026/03/12,21211,data scientist,Data scientists,Ontario,Toronto,Toronto Region,30.0,69.74,Hour,Hour,62400.0,145059.19999999998,103729.59999999999,,,,,,mar2026
15332023,2026/03/16,21222,information technology (IT) analyst,Information systems specialists,Ontario,Toronto,Toronto Region,21.0,24.0,Year,Hour,43680.0,49920.0,46800.0,,,,,,mar2026
15328789,2026/03/13,21222,information technology (IT) analyst,Information systems specialists,Ontario,Belleville,Kingston–Pembroke Region,17.43,17.43,Hour,Hour,36254.4,36254.4,36254.4,,,,,,mar2026
15335456,2026/03/16,21222,information technology (IT) analyst,Information systems specialists,Ontario,Kitchener,Kitchener–Waterloo–Barrie Region,21.0,21.0,Hour,Hour,43680.0,43680.0,43680.0,,,,,,mar2026
15353009,2026/03/24,21222,information technology (IT) analyst,Information systems specialists,Ontario,Toronto,Toronto Region,38.0,38.0,Hour,Hour,79040.0,79040.0,79040.0,,,,,,mar2026
15346983,2026/03/19,21222,information technology (IT) analyst,Information systems specialists,Ontario,Mississauga,Toronto Region,60000.0,60000.0,Year,Year,60000.0,60000.0,60000.0,,,,,,mar2026
15345101,2026/03/21,21211,big data analyst,Data scientists,Ontario,Toronto,Toronto Region,20.0,20.0,Hour,Hour,41600.0,41600.0,41600.0,,,,,,mar2026
15326690,2026/03/14,21211,data scientist,Data scientists,Ontario,Toronto,Toronto Region,30.0,69.74,Hour,Hour,62400.0,145059.19999999998,103729.59999999999,,,,,,mar2026
15363325,2026/03/27,21222,information technology (IT) analyst,Information systems specialists,Ontario,Toronto,Toronto Region,60.0,60.0,Hour,Hour,124800.0,124800.0,124800.0,,,,,,mar2026
15327321,2026/03/14,21222,"analyst, systems",Information systems specialists,Ontario,Toronto,Toronto Region,28.85,68.68,Hour,Hour,60008.0,142854.40000000002,101431.20000000001,,,,,,mar2026
15363273,2026/03/27,21222,information technology (IT) analyst,Information systems specialists,Ontario,Toronto,Toronto Region,60.0,60.0,Hour,Hour,124800.0,124800.0,124800.0,,,,,,mar2026
15357573,2026/03/26,21211,big data analyst,Data scientists,Ontario,Markham,Toronto Region,44.47,44.47,Hour,Hour,92497.59999999999,92497.59999999999,92497.59999999999,,,,,,mar2026
15357761,2026/03/27,21222,computer systems analyst,Information systems specialists,Ontario,Toronto,Toronto Region,28.85,68.68,Hour,Hour,60008.0,142854.40000000002,101431.20000000001,,,,,,mar2026
15346974,2026/03/23,21222,information technology (IT) analyst,Information systems specialists,Ontario,Toronto,Toronto Region,45.0,45.0,Hour,Hour,93600.0,93600.0,93600.0,,,,,,mar2026
15346901,2026/03/23,21222,information technology (IT) analyst,Information systems specialists,Ontario,Toronto,Toronto Region,73.0,73.0,Hour,Hour,151840.0,151840.0,151840.0,,,,,,mar2026
15346761,2026/03/23,21222,information technology (IT) analyst,Information systems specialists,Ontario,Toronto,Toronto Region,35.0,35.0,Hour,Hour,72800.0,72800.0,72800.0,,,,,,mar2026
15347055,2026/03/23,21222,information technology (IT) analyst,Information systems specialists,Ontario,Toronto,Toronto Region,50.0,50.0,Hour,Hour,104000.0,104000.0,104000.0,,,,,,mar2026
15346848,2026/03/20,21222,information technology (IT) analyst,Information systems specialists,Ontario,Toronto,Toronto Region,21.0,22.0,Hour,Hour,43680.0,45760.0,44720.0,,,,,,mar2026
15341700,2026/03/20,21211,data scientist,Data scientists,Ontario,,,85000.0,95000.0,Year,Year,85000.0,95000.0,90000.0,Bachelor's degree,2 years to less than 3 years,37.5,37.5,Week,mar2026
15346777,2026/03/23,21222,information technology (IT) analyst,Information systems specialists,Ontario,Toronto,Toronto Region,70.0,70.0,Hour,Hour,145600.0,145600.0,145600.0,,,,,,mar2026
15348079,2026/03/23,21222,"analyst, computer systems",Information systems specialists,Ontario,Toronto,Toronto Region,28.85,68.68,Hour,Hour,60008.0,142854.40000000002,101431.20000000001,,,,,,mar2026
15346953,2026/03/18,21222,information technology (IT) analyst,Information systems specialists,Ontario,North Bay,Northeast Region,200.0,200.0,Day,Day,52000.0,52000.0,52000.0,,,,,,mar2026
15335528,2026/03/17,21222,information technology (IT) analyst,Information systems specialists,Ontario,Windsor,Windsor-Sarnia Region,45000.0,45000.0,Year,Year,45000.0,45000.0,45000.0,,,,,,mar2026
15332129,2026/03/17,21222,information technology (IT) analyst,Information systems specialists,Ontario,Toronto,Toronto Region,101.0,101.0,Day,Day,26260.0,26260.0,26260.0,,,,,,mar2026
15293655,2026/03/01,21222,information technology (IT) analyst,Information systems specialists,Ontario,Thunder Bay,Northwest Region,90000.0,130000.0,Year,Year,90000.0,130000.0,110000.0,,,,,,mar2026
15295543,2026/03/02,21211,data scientist,Data scientists,Ontario,Toronto,Toronto Region,30.0,69.74,Hour,Hour,62400.0,145059.19999999998,103729.59999999999,,,,,,mar2026
15296487,2026/03/03,21221,business systems analyst,Business systems specialists,Ontario,Toronto,Toronto Region,30.67,62.5,Hour,Hour,63793.600000000006,130000.0,96896.8,,,,,,mar2026
15364263,2026/03/30,21222,information technology (IT) specialist,Information systems specialists,Ontario,Ottawa,Ottawa Region,89056.0,111320.0,Year,Year,89056.0,111320.0,100188.0,Bachelor's degree,5 years or more,37.5,37.5,Week,mar2026
15368484,2026/03/30,21222,IT (information technology) consultant,Information systems specialists,Ontario,Toronto,Toronto Region,26.0,63.0,Hour,Hour,54080.0,131040.0,92560.0,,,,,,mar2026
15362068,2026/03/29,21222,solutions architect - information technology (IT),Information systems specialists,Ontario,Toronto,Toronto Region,28.85,68.68,Hour,Hour,60008.0,142854.40000000002,101431.20000000001,,,,,,mar2026
15306572,2026/03/06,21222,systems analyst,Information systems specialists,Ontario,Toronto,Toronto Region,28.85,68.68,Hour,Hour,60008.0,142854.40000000002,101431.20000000001,,,,,,mar2026
15319952,2026/03/10,21221,business systems analyst,Business systems specialists,Ontario,Toronto,Toronto Region,27.0,62.0,Hour,Hour,56160.0,128960.0,92560.0,,,,,,mar2026
15310586,2026/03/07,21222,information technology (IT) analyst,Information systems specialists,Ontario,Toronto,Toronto Region,60000.0,75000.0,Year,Year,60000.0,75000.0,67500.0,,,,,,mar2026
15310535,2026/03/07,21222,information technology (IT) analyst,Information systems specialists,Ontario,Toronto,Toronto Region,30.0,30.0,Hour,Hour,62400.0,62400.0,62400.0,,,,,,mar2026
15298121,2026/03/03,21222,information technology (IT) analyst,Information systems specialists,Ontario,Kitchener,Kitchener–Waterloo–Barrie Region,60000.0,70000.0,Hour,Year,60000.0,70000.0,65000.0,,,,,,mar2026
15303104,2026/03/05,21222,information technology (IT) analyst,Information systems specialists,Ontario,Toronto,Toronto Region,22.0,24.0,Hour,Hour,45760.0,49920.0,47840.0,,,,,,mar2026
15328754,2026/03/10,21222,information technology (IT) analyst,Information systems specialists,Ontario,Toronto,Toronto Region,30.0,30.0,Hour,Hour,62400.0,62400.0,62400.0,,,,,,mar2026
15311281,2026/03/09,21211,artificial intelligence (AI) consultant,Data scientists,Ontario,Toronto,Toronto Region,30.0,69.74,Hour,Hour,62400.0,145059.19999999998,103729.59999999999,,,,,,mar2026
15332096,2026/03/16,21222,information technology (IT) analyst,Information systems specialists,Ontario,Brampton,Toronto Region,44000.0,46000.0,Year,Year,44000.0,46000.0,45000.0,,,,,,mar2026
15319178,2026/03/11,21222,technical project manager,Information systems specialists,Ontario,Waterloo,Kitchener–Waterloo–Barrie Region,120000.0,140000.0,Year,Year,120000.0,140000.0,130000.0,,,,,,mar2026
15324093,2026/03/12,21222,information technology (IT) analyst,Information systems specialists,Ontario,Mississauga,Toronto Region,10000.0,10000.0,Month,Month,120000.0,120000.0,120000.0,,,,,,mar2026
15306518,2026/03/06,21222,"analyst, systems",Information systems specialists,Ontario,Toronto,Toronto Region,28.85,68.68,Hour,Hour,60008.0,142854.40000000002,101431.20000000001,,,,,,mar2026
15310276,2026/03/05,21221,"business analyst, informatics",Business systems specialists,Ontario,Toronto,Toronto Region,27.0,62.0,Hour,Hour,56160.0,128960.0,92560.0,,,,,,mar2026
15300671,2026/03/05,21222,information technology (IT) analyst,Information systems specialists,Ontario,Toronto,Toronto Region,101.0,101.0,Day,Day,26260.0,26260.0,26260.0,,,,,,mar2026
15328722,2026/03/16,21221,business systems analyst,Business systems specialists,Ontario,London,London Region,30.67,62.5,Hour,Hour,63793.600000000006,130000.0,96896.8,,,,,,mar2026
15332065,2026/03/16,21222,information technology (IT) analyst,Information systems specialists,Ontario,Toronto,Toronto Region,65000.0,65000.0,Year,Year,65000.0,65000.0,65000.0,,,,,,mar2026
15353036,2026/03/24,21222,information technology (IT) analyst,Information systems specialists,Ontario,Toronto,Toronto Region,50.0,50.0,Hour,Hour,104000.0,104000.0,104000.0,,,,,,mar2026
15352932,2026/03/24,21222,information technology (IT) analyst,Information systems specialists,Ontario,Toronto,Toronto Region,38.0,38.0,Hour,Hour,79040.0,79040.0,79040.0,,,,,,mar2026
15352911,2026/03/24,21222,information technology (IT) analyst,Information systems specialists,Ontario,Toronto,Toronto Region,40.0,40.0,Hour,Hour,83200.0,83200.0,83200.0,,,,,,mar2026
15346085,2026/03/22,21221,business systems analyst,Business systems specialists,Ontario,Toronto,Toronto Region,30.67,62.5,Hour,Hour,63793.600000000006,130000.0,96896.8,,,,,,mar2026
15352814,2026/03/24,21221,business systems analyst,Business systems specialists,Ontario,Vittoria,Hamilton–Niagara Peninsula Region,75000.0,95000.0,Year,Year,75000.0,95000.0,85000.0,,,,,,mar2026
15352955,2026/03/24,21222,information technology (IT) analyst,Information systems specialists,Ontario,Toronto,Toronto Region,40.0,40.0,Hour,Hour,83200.0,83200.0,83200.0,,,,,,mar2026
15346800,2026/03/23,21222,information technology (IT) analyst,Information systems specialists,Ontario,Toronto,Toronto Region,95.0,95.0,Hour,Hour,197600.0,197600.0,197600.0,,,,,,mar2026
15353033,2026/03/23,21222,information technology (IT) analyst,Information systems specialists,Ontario,Toronto,Toronto Region,53535.0,53535.0,Year,Year,53535.0,53535.0,53535.0,,,,,,mar2026
15346922,2026/03/23,21222,information technology (IT) analyst,Information systems specialists,Ontario,Toronto,Toronto Region,50.0,50.0,Hour,Hour,104000.0,104000.0,104000.0,,,,,,mar2026
15346794,2026/03/23,21222,information technology (IT) analyst,Information systems specialists,Ontario,Toronto,Toronto Region,70.0,70.0,Hour,Hour,145600.0,145600.0,145600.0,,,,,,mar2026
15347011,2026/03/23,21222,information technology (IT) analyst,Information systems specialists,Ontario,Toronto,Toronto Region,70.0,70.0,Hour,Hour,145600.0,145600.0,145600.0,,,,,,mar2026
15346915,2026/03/23,21222,information technology (IT) analyst,Information systems specialists,Ontario,Toronto,Toronto Region,55.0,55.0,Hour,Hour,114400.0,114400.0,114400.0,,,,,,mar2026
15316783,2026/03/11,21211,artificial intelligence (AI) analyst,Data scientists,Ontario,Toronto,Toronto Region,30.0,69.74,Hour,Hour,62400.0,145059.19999999998,103729.59999999999,,,,,,mar2026
15351022,2026/03/24,21211,machine learning specialist,Data scientists,Ontario,Toronto,Toronto Region,100600.0,125800.0,Year,Year,100600.0,125800.0,113200.0,Bachelor's degree,3 years to less than 5 years,36.25,36.25,Week,mar2026
15363366,2026/03/27,21222,information technology (IT) analyst,Information systems specialists,Ontario,Toronto,Toronto Region,75000.0,75000.0,Year,Year,75000.0,75000.0,75000.0,,,,,,mar2026
15346707,2026/03/19,21222,information technology (IT) analyst,Information systems specialists,Ontario,Burlington,Hamilton–Niagara Peninsula Region,55000.0,55000.0,Year,Year,55000.0,55000.0,55000.0,,,,,,mar2026
15346899,2026/03/23,21222,information technology (IT) analyst,Information systems specialists,Ontario,Toronto,Toronto Region,40.0,40.0,Hour,Hour,83200.0,83200.0,83200.0,,,,,,mar2026
15352945,2026/03/24,21222,information technology (IT) analyst,Information systems specialists,Ontario,Toronto,Toronto Region,150.0,150.0,Day,Day,39000.0,39000.0,39000.0,,,,,,mar2026
15353047,2026/03/24,21222,information technology (IT) analyst,Information systems specialists,Ontario,Toronto,Toronto Region,65.0,65.0,Hour,Hour,135200.0,135200.0,135200.0,,,,,,mar2026
15346722,2026/03/23,21222,information technology (IT) analyst,Information systems specialists,Ontario,Toronto,Toronto Region,38.0,38.0,Hour,Hour,79040.0,79040.0,79040.0,,,,,,mar2026
15346656,2026/03/23,21222,information technology (IT) analyst,Information systems specialists,Ontario,Toronto,Toronto Region,50.0,50.0,Hour,Hour,104000.0,104000.0,104000.0,,,,,,mar2026
15300291,2026/03/05,21221,business systems analyst,Business systems specialists,Ontario,Toronto,Toronto Region,30.67,62.5,Hour,Hour,63793.600000000006,130000.0,96896.8,,,,,,mar2026
15310347,2026/03/05,21223,database administrator (DBA),Database analysts and data administrators,Ontario,Toronto,Toronto Region,24.0,58.0,Hour,Hour,49920.0,120640.0,85280.0,,,,,,mar2026
15328771,2026/03/13,21222,information technology (IT) analyst,Information systems specialists,Ontario,Kitchener,Kitchener–Waterloo–Barrie Region,90000.0,110000.0,Year,Year,90000.0,110000.0,100000.0,,,,,,mar2026
15363266,2026/03/26,21222,information technology (IT) analyst,Information systems specialists,Ontario,Tillsonburg,London Region,30.0,30.0,Hour,Hour,62400.0,62400.0,62400.0,,,,,,mar2026
15323214,2026/03/13,21222,"analyst, systems",Information systems specialists,Ontario,Toronto,Toronto Region,28.85,68.68,Hour,Hour,60008.0,142854.40000000002,101431.20000000001,,,,,,mar2026
15346888,2026/03/23,21222,information technology (IT) analyst,Information systems specialists,Ontario,Toronto,Toronto Region,65.0,65.0,Hour,Hour,135200.0,135200.0,135200.0,,,,,,mar2026
15371694,2026/03/18,21211,data scientist,Data scientists,Ontario,Toronto,Toronto Region,30.0,69.74,Hour,Hour,62400.0,145059.19999999998,103729.59999999999,,,,,,mar2026
15335476,2026/03/17,21222,information technology (IT) analyst,Information systems specialists,Ontario,Toronto,Toronto Region,10000.0,10000.0,Month,Month,120000.0,120000.0,120000.0,,,,,,mar2026
15298521,2026/03/01,21223,"manager, database",Database analysts and data administrators,Ontario,Kitchener,Kitchener–Waterloo–Barrie Region,24.0,58.0,Hour,Hour,49920.0,120640.0,85280.0,,,,,,mar2026
15293302,2026/03/01,21223,data analyst - informatics and systems,Database analysts and data administrators,Ontario,Toronto,Toronto Region,25.0,61.03,Hour,Hour,52000.0,126942.40000000001,89471.20000000001,,,,,,mar2026
15293626,2026/03/01,21222,information technology (IT) analyst,Information systems specialists,Ontario,Greater Sudbury,Northeast Region,30.0,30.0,Hour,Hour,62400.0,62400.0,62400.0,,,,,,mar2026
15298075,2026/03/02,21222,information technology (IT) analyst,Information systems specialists,Ontario,Toronto,Toronto Region,101.0,101.0,Day,Day,26260.0,26260.0,26260.0,,,,,,mar2026
15361674,2026/03/28,21223,data analyst - informatics and systems,Database analysts and data administrators,Ontario,Toronto,Toronto Region,25.0,61.03,Hour,Hour,52000.0,126942.40000000001,89471.20000000001,,,,,,mar2026
15361773,2026/03/28,21211,data scientist,Data scientists,Ontario,Toronto,Toronto Region,30.0,69.74,Hour,Hour,62400.0,145059.19999999998,103729.59999999999,,,,,,mar2026
15363720,2026/03/30,21211,data analytics specialist,Data scientists,Ontario,Toronto,Toronto Region,80000.0,115000.0,Year,Year,80000.0,115000.0,97500.0,Bachelor's degree,2 years to less than 3 years,40.0,40.0,Week,mar2026
15297844,2026/03/04,21222,systems analyst,Information systems specialists,Ontario,Toronto,Toronto Region,28.85,68.68,Hour,Hour,60008.0,142854.40000000002,101431.20000000001,,,,,,mar2026
15296454,2026/03/03,21221,business systems analyst,Business systems specialists,Ontario,Toronto,Toronto Region,30.67,62.5,Hour,Hour,63793.600000000006,130000.0,96896.8,,,,,,mar2026
15309711,2026/03/08,21223,data analyst - informatics and systems,Database analysts and data administrators,Ontario,Toronto,Toronto Region,24.0,58.0,Hour,Hour,49920.0,120640.0,85280.0,,,,,,mar2026
15314696,2026/03/10,21211,data scientist,Data scientists,Ontario,Mississauga,Toronto Region,30.0,69.74,Hour,Hour,62400.0,145059.19999999998,103729.59999999999,,,,,,mar2026
15310630,2026/03/07,21222,information technology (IT) analyst,Information systems specialists,Ontario,Markham,Toronto Region,23.0,26.0,Hour,Hour,47840.0,54080.0,50960.0,,,,,,mar2026
15308548,2026/03/07,21221,"business analyst, informatics",Business systems specialists,Ontario,Ottawa,Ottawa Region,30.67,62.5,Hour,Hour,63793.600000000006,130000.0,96896.8,,,,,,mar2026
15309050,2026/03/07,21211,artificial intelligence (AI) consultant,Data scientists,Ontario,Toronto,Toronto Region,30.0,69.74,Hour,Hour,62400.0,145059.19999999998,103729.59999999999,,,,,,mar2026
15310629,2026/03/07,21222,information technology (IT) analyst,Information systems specialists,Ontario,Toronto,Toronto Region,30.0,30.0,Hour,Hour,62400.0,62400.0,62400.0,,,,,,mar2026
15310032,2026/03/08,21221,business systems analyst,Business systems specialists,Ontario,North York,Toronto Region,85000.0,105000.0,Year,Year,85000.0,105000.0,95000.0,,,,,,mar2026
15317109,2026/03/09,21222,information technology (IT) analyst,Information systems specialists,Ontario,Windsor,Windsor-Sarnia Region,28.0,28.0,Hour,Hour,58240.0,58240.0,58240.0,,,,,,mar2026
15300598,2026/03/03,21222,information technology (IT) analyst,Information systems specialists,Ontario,Toronto,Toronto Region,60000.0,75000.0,Year,Year,60000.0,75000.0,67500.0,,,,,,mar2026
15306595,2026/03/06,21211,artificial intelligence (AI) consultant,Data scientists,Ontario,Toronto,Toronto Region,30.0,69.74,Hour,Hour,62400.0,145059.19999999998,103729.59999999999,,,,,,mar2026
15300277,2026/03/05,21211,data mining analyst,Data scientists,Ontario,Toronto,Toronto Region,30.0,69.74,Hour,Hour,62400.0,145059.19999999998,103729.59999999999,,,,,,mar2026
15297012,2026/03/03,21221,business systems analyst,Business systems specialists,Ontario,Sudbury,Northeast Region,30.0,30.0,Hour,Hour,62400.0,62400.0,62400.0,College/CEGEP,1 to less than 7 months,40.0,40.0,Week,mar2026
15317134,2026/03/09,21222,information technology (IT) analyst,Information systems specialists,Ontario,Toronto,Toronto Region,26.0,30.0,Hour,Hour,54080.0,62400.0,58240.0,,,,,,mar2026
15310280,2026/03/05,21222,IT (information technology) consultant,Information systems specialists,Ontario,Toronto,Toronto Region,26.0,63.0,Hour,Hour,54080.0,131040.0,92560.0,,,,,,mar2026
15335490,2026/03/16,21222,information technology (IT) analyst,Information systems specialists,Ontario,Kitchener,Kitchener–Waterloo–Barrie Region,20.0,20.0,Hour,Hour,41600.0,41600.0,41600.0,,,,,,mar2026
15329628,2026/03/16,21222,systems consultant,Information systems specialists,Ontario,Oshawa,Toronto Region,48.1,48.1,Hour,Hour,100048.0,100048.0,100048.0,Bachelor's degree,3 years to less than 5 years,35.0,35.0,Week,mar2026
15332120,2026/03/16,21222,information technology (IT) analyst,Information systems specialists,Ontario,Hamilton,Hamilton–Niagara Peninsula Region,60000.0,60000.0,Year,Year,60000.0,60000.0,60000.0,,,,,,mar2026
15311317,2026/03/09,21211,artificial intelligence (AI) consultant,Data scientists,Ontario,Toronto,Toronto Region,30.0,69.74,Hour,Hour,62400.0,145059.19999999998,103729.59999999999,,,,,,mar2026
15326669,2026/03/14,21221,business systems analyst,Business systems specialists,Ontario,Toronto,Toronto Region,30.67,62.5,Hour,Hour,63793.600000000006,130000.0,96896.8,,,,,,mar2026
15327139,2026/03/14,21221,"business analyst, informatics",Business systems specialists,Ontario,Ottawa,Ottawa Region,83480.0,98240.0,Year,Year,83480.0,98240.0,90860.0,,,,,,mar2026
15352985,2026/03/24,21222,information technology (IT) analyst,Information systems specialists,Ontario,Toronto,Toronto Region,50000.0,50000.0,Year,Year,50000.0,50000.0,50000.0,,,,,,mar2026
15346980,2026/03/20,21222,information technology (IT) analyst,Information systems specialists,Ontario,Acton,Toronto Region,70000.0,75000.0,Year,Year,70000.0,75000.0,72500.0,,,,,,mar2026
15352960,2026/03/24,21222,information technology (IT) analyst,Information systems specialists,Ontario,Toronto,Toronto Region,40.0,40.0,Hour,Hour,83200.0,83200.0,83200.0,,,,,,mar2026
15328763,2026/03/14,21222,information technology (IT) analyst,Information systems specialists,Ontario,Toronto,Toronto Region,100000.0,110000.0,Year,Year,100000.0,110000.0,105000.0,,,,,,mar2026
15300233,2026/03/04,21211,data scientist,Data scientists,Ontario,Toronto,Toronto Region,30.0,69.74,Hour,Hour,62400.0,145059.19999999998,103729.59999999999,,,,,,mar2026
15347033,2026/03/23,21222,information technology (IT) analyst,Information systems specialists,Ontario,Toronto,Toronto Region,160.0,160.0,Day,Day,41600.0,41600.0,41600.0,,,,,,mar2026
15346981,2026/03/23,21222,information technology (IT) analyst,Information systems specialists,Ontario,Toronto,Toronto Region,65.0,65.0,Hour,Hour,135200.0,135200.0,135200.0,,,,,,mar2026
15346675,2026/03/23,21222,information technology (IT) analyst,Information systems specialists,Ontario,Toronto,Toronto Region,65.0,65.0,Hour,Hour,135200.0,135200.0,135200.0,,,,,,mar2026
15346795,2026/03/23,21222,information technology (IT) analyst,Information systems specialists,Ontario,Toronto,Toronto Region,70.0,70.0,Hour,Hour,145600.0,145600.0,145600.0,,,,,,mar2026
15363275,2026/03/27,21222,information technology (IT) analyst,Information systems specialists,Ontario,Halton Hills,Toronto Region,50000.0,55000.0,Year,Year,50000.0,55000.0,52500.0,,,,,,mar2026
15296403,2026/03/03,21211,artificial intelligence (AI) consultant,Data scientists,Ontario,Toronto,Toronto Region,30.0,69.74,Hour,Hour,62400.0,145059.19999999998,103729.59999999999,,,,,,mar2026
15318164,2026/03/11,21222,applications analyst - computer systems,Information systems specialists,Ontario,Toronto,Toronto Region,28.85,68.68,Hour,Hour,60008.0,142854.40000000002,101431.20000000001,,,,,,mar2026
15363312,2026/03/27,21222,information technology (IT) analyst,Information systems specialists,Ontario,Toronto,Toronto Region,50.0,50.0,Hour,Hour,104000.0,104000.0,104000.0,,,,,,mar2026
15363194,2026/03/27,21222,information technology (IT) analyst,Information systems specialists,Ontario,Toronto,Toronto Region,60000.0,60000.0,Year,Year,60000.0,60000.0,60000.0,,,,,,mar2026
15353780,2026/03/25,21221,business systems analyst,Business systems specialists,Ontario,Etobicoke,Toronto Region,22.0,22.0,Hour,Hour,45760.0,45760.0,45760.0,Bachelor's degree,5 years or more,40.0,40.0,Week,mar2026
15347064,2026/03/23,21222,information technology (IT) analyst,Information systems specialists,Ontario,Toronto,Toronto Region,65.0,65.0,Hour,Hour,135200.0,135200.0,135200.0,,,,,,mar2026
15322157,2026/03/12,21222,information systems analyst - computer systems,Information systems specialists,Ontario,Mississauga,Toronto Region,48.08,48.08,Hour,Hour,100006.4,100006.4,100006.4,Bachelor's degree,2 years to less than 3 years,30.0,44.0,Week,mar2026
15347009,2026/03/23,21222,information technology (IT) analyst,Information systems specialists,Ontario,Toronto,Toronto Region,65.0,65.0,Hour,Hour,135200.0,135200.0,135200.0,,,,,,mar2026
15355398,2026/03/26,21221,business systems analyst,Business systems specialists,Ontario,Toronto,Toronto Region,30.67,62.5,Hour,Hour,63793.600000000006,130000.0,96896.8,,,,,,mar2026
15343263,2026/03/20,21211,data engineer,Data scientists,Ontario,Mississauga,Toronto Region,51.0,51.0,Hour,Hour,106080.0,106080.0,106080.0,Bachelor's degree,1 year to less than 2 years,37.5,37.5,Week,mar2026
15347002,2026/03/23,21222,information technology (IT) analyst,Information systems specialists,Ontario,Toronto,Toronto Region,40.0,40.0,Hour,Hour,83200.0,83200.0,83200.0,,,,,,mar2026
15346877,2026/03/23,21222,information technology (IT) analyst,Information systems specialists,Ontario,Toronto,Toronto Region,40.0,40.0,Hour,Hour,83200.0,83200.0,83200.0,,,,,,mar2026
15335508,2026/03/17,21222,information technology (IT) analyst,Information systems specialists,Ontario,Vaughan,Toronto Region,60000.0,60000.0,Year,Year,60000.0,60000.0,60000.0,,,,,,mar2026
15292903,2026/03/01,21211,artificial intelligence (AI) analyst,Data scientists,Ontario,Toronto,Toronto Region,30.0,69.74,Hour,Hour,62400.0,145059.19999999998,103729.59999999999,,,,,,mar2026
15298537,2026/03/01,21223,"manager, database",Database analysts and data administrators,Ontario,Cambridge,Kitchener–Waterloo–Barrie Region,24.0,58.0,Hour,Hour,49920.0,120640.0,85280.0,,,,,,mar2026
15362570,2026/03/29,21211,data scientist,Data scientists,Ontario,Toronto,Toronto Region,30.0,69.74,Hour,Hour,62400.0,145059.19999999998,103729.59999999999,,,,,,mar2026
15298742,2026/03/04,21222,"analyst, systems",Information systems specialists,Ontario,Toronto,Toronto Region,28.85,68.68,Hour,Hour,60008.0,142854.40000000002,101431.20000000001,,,,,,mar2026
15368929,2026/03/31,21222,information technology (IT) analyst,Information systems specialists,Ontario,Toronto,Toronto Region,70000.0,110000.0,Year,Year,70000.0,110000.0,90000.0,,,,,,mar2026
15310640,2026/03/07,21222,information technology (IT) analyst,Information systems specialists,Ontario,Hamilton,Hamilton–Niagara Peninsula Region,24.05,24.05,Hour,Hour,50024.0,50024.0,50024.0,,,,,,mar2026
15310585,2026/03/07,21222,information technology (IT) analyst,Information systems specialists,Ontario,Kingston,Kingston–Pembroke Region,17.43,17.43,Hour,Hour,36254.4,36254.4,36254.4,,,,,,mar2026
15314640,2026/03/10,21211,data scientist,Data scientists,Ontario,Toronto,Toronto Region,30.0,69.74,Hour,Hour,62400.0,145059.19999999998,103729.59999999999,,,,,,mar2026
15309128,2026/03/07,21222,"analyst, management information systems (MIS)",Information systems specialists,Ontario,Toronto,Toronto Region,28.85,68.68,Hour,Hour,60008.0,142854.40000000002,101431.20000000001,,,,,,mar2026
15309493,2026/03/08,21222,"analyst, computer systems",Information systems specialists,Ontario,London,London Region,28.85,68.68,Hour,Hour,60008.0,142854.40000000002,101431.20000000001,,,,,,mar2026
15309472,2026/03/08,21221,business systems analyst,Business systems specialists,Ontario,Toronto,Toronto Region,30.67,62.5,Hour,Hour,63793.600000000006,130000.0,96896.8,,,,,,mar2026
15317141,2026/03/09,21222,information technology (IT) analyst,Information systems specialists,Ontario,,,20.0,20.0,Hour,Hour,41600.0,41600.0,41600.0,,,,,,mar2026
15316788,2026/03/05,21222,systems quality assurance (QA) analyst,Information systems specialists,Ontario,Toronto,Toronto Region,26.0,63.0,Hour,Hour,54080.0,131040.0,92560.0,,,,,,mar2026
15300607,2026/03/05,21222,information technology (IT) analyst,Information systems specialists,Ontario,Markham,Toronto Region,65000.0,65000.0,Year,Year,65000.0,65000.0,65000.0,,,,,,mar2026
15308616,2026/03/05,21222,systems analyst,Information systems specialists,Ontario,Toronto,Toronto Region,26.0,63.0,Hour,Hour,54080.0,131040.0,92560.0,,,,,,mar2026
15316091,2026/03/10,21223,DBA (database administrator),Database analysts and data administrators,Ontario,Ottawa,Ottawa Region,70.0,80.0,Hour,Hour,145600.0,166400.0,156000.0,Bachelor's degree,5 years or more,40.0,40.0,Week,mar2026
15322438,2026/03/12,21221,business systems analyst,Business systems specialists,Ontario,Toronto,Toronto Region,30.67,62.5,Hour,Hour,63793.600000000006,130000.0,96896.8,,,,,,mar2026
15319292,2026/03/11,21221,information systems business analyst,Business systems specialists,Ontario,Concord,Toronto Region,44.0,44.0,Hour,Hour,91520.0,91520.0,91520.0,College/CEGEP,1 year to less than 2 years,30.0,30.0,Week,mar2026
15311340,2026/03/09,21211,data scientist,Data scientists,Ontario,Toronto,Toronto Region,30.0,69.74,Hour,Hour,62400.0,145059.19999999998,103729.59999999999,,,,,,mar2026
15307921,2026/03/06,21222,IT (information technology) consultant,Information systems specialists,Ontario,Toronto,Toronto Region,55960.0,63780.0,Year,Year,55960.0,63780.0,59870.0,College/CEGEP,3 years to less than 5 years,37.5,37.5,Week,mar2026
15317131,2026/03/11,21222,information technology (IT) analyst,Information systems specialists,Ontario,Ottawa,Ottawa Region,57500.0,59500.0,Year,Year,57500.0,59500.0,58500.0,,,,,,mar2026
15324170,2026/03/09,21222,information technology (IT) analyst,Information systems specialists,Ontario,Niagara Falls,Hamilton–Niagara Peninsula Region,50800.0,50800.0,Year,Year,50800.0,50800.0,50800.0,,,,,,mar2026
15312179,2026/03/09,21222,management information systems (MIS) consultant,Information systems specialists,Ontario,Toronto,Toronto Region,28.85,68.68,Hour,Hour,60008.0,142854.40000000002,101431.20000000001,,,,,,mar2026
15322670,2026/03/12,21222,systems specialist - computer systems,Information systems specialists,Ontario,Essex,Windsor-Sarnia Region,74870.0,88140.0,Year,Year,74870.0,88140.0,81505.0,,,,,,mar2026
15323309,2026/03/13,21223,data analyst - informatics and systems,Database analysts and data administrators,Ontario,Etobicoke,Toronto Region,43.96,43.96,Hour,Hour,91436.8,91436.8,91436.8,Bachelor's degree,2 years to less than 3 years,37.5,37.5,Week,mar2026
15323566,2026/03/13,21211,data scientist,Data scientists,Ontario,Toronto,Toronto Region,30.0,69.74,Hour,Hour,62400.0,145059.19999999998,103729.59999999999,,,,,,mar2026
15352918,2026/03/24,21222,information technology (IT) analyst,Information systems specialists,Ontario,Toronto,Toronto Region,40.0,40.0,Hour,Hour,83200.0,83200.0,83200.0,,,,,,mar2026
15352977,2026/03/24,21222,information technology (IT) analyst,Information systems specialists,Ontario,Toronto,Toronto Region,40.0,40.0,Hour,Hour,83200.0,83200.0,83200.0,,,,,,mar2026
15353026,2026/03/24,21222,information technology (IT) analyst,Information systems specialists,Ontario,Toronto,Toronto Region,40.0,40.0,Hour,Hour,83200.0,83200.0,83200.0,,,,,,mar2026
15352972,2026/03/24,21222,information technology (IT) analyst,Information systems specialists,Ontario,Toronto,Toronto Region,65.0,65.0,Hour,Hour,135200.0,135200.0,135200.0,,,,,,mar2026
15352900,2026/03/24,21222,information technology (IT) analyst,Information systems specialists,Ontario,Toronto,Toronto Region,65.0,65.0,Hour,Hour,135200.0,135200.0,135200.0,,,,,,mar2026
15327247,2026/03/14,21211,artificial intelligence (AI) consultant,Data scientists,Ontario,Toronto,Toronto Region,30.0,69.74,Hour,Hour,62400.0,145059.19999999998,103729.59999999999,,,,,,mar2026
15353030,2026/03/23,21222,information technology (IT) analyst,Information systems specialists,Ontario,Cochrane,Northeast Region,32.0,32.0,Hour,Hour,66560.0,66560.0,66560.0,,,,,,mar2026
15363180,2026/03/27,21222,information technology (IT) analyst,Information systems specialists,Ontario,Toronto,Toronto Region,35.0,35.0,Hour,Hour,72800.0,72800.0,72800.0,,,,,,mar2026
15346799,2026/03/23,21222,information technology (IT) analyst,Information systems specialists,Ontario,Toronto,Toronto Region,30.0,30.0,Hour,Hour,62400.0,62400.0,62400.0,,,,,,mar2026
15346989,2026/03/19,21222,information technology (IT) analyst,Information systems specialists,Ontario,Waterloo,Kitchener–Waterloo–Barrie Region,4050.0,4050.0,Month,Month,48600.0,48600.0,48600.0,,,,,,mar2026
15347018,2026/03/19,21222,information technology (IT) analyst,Information systems specialists,Ontario,Toronto,Toronto Region,60000.0,80000.0,Hour,Year,60000.0,80000.0,70000.0,,,,,,mar2026
15344933,2026/03/21,21223,data analyst - informatics and systems,Database analysts and data administrators,Ontario,Mississauga,Toronto Region,25.0,61.03,Hour,Hour,52000.0,126942.40000000001,89471.20000000001,,,,,,mar2026
15346083,2026/03/22,21221,business systems analyst,Business systems specialists,Ontario,Mississauga,Toronto Region,30.67,62.5,Hour,Hour,63793.600000000006,130000.0,96896.8,,,,,,mar2026
15352995,2026/03/24,21222,information technology (IT) analyst,Information systems specialists,Ontario,Kitchener,Kitchener–Waterloo–Barrie Region,30.0,30.0,Hour,Hour,62400.0,62400.0,62400.0,,,,,,mar2026
15352596,2026/03/25,21211,artificial intelligence (AI) consultant,Data scientists,Ontario,Toronto,Toronto Region,30.0,69.74,Hour,Hour,62400.0,145059.19999999998,103729.59999999999,,,,,,mar2026
15349292,2026/03/23,21223,database analyst,Database analysts and data administrators,Ontario,Richmond Hill,Toronto Region,45.0,45.0,Hour,Hour,93600.0,93600.0,93600.0,Bachelor's degree,7 months to less than 1 year,35.0,40.0,Week,mar2026
15346900,2026/03/23,21222,information technology (IT) analyst,Information systems specialists,Ontario,Toronto,Toronto Region,73.0,73.0,Hour,Hour,151840.0,151840.0,151840.0,,,,,,mar2026
15346787,2026/03/23,21222,information technology (IT) analyst,Information systems specialists,Ontario,Toronto,Toronto Region,50.0,50.0,Hour,Hour,104000.0,104000.0,104000.0,,,,,,mar2026
15325648,2026/03/13,21211,artificial intelligence (AI) analyst,Data scientists,Ontario,Gloucester,Ottawa Region,22.0,22.0,Hour,Hour,45760.0,45760.0,45760.0,Secondary (high) school graduation certificate,1 to less than 7 months,35.0,35.0,Week,mar2026
15344782,2026/03/21,21221,business systems analyst,Business systems specialists,Ontario,Toronto,Toronto Region,30.67,62.5,Hour,Hour,63793.600000000006,130000.0,96896.8,,,,,,mar2026
15345234,2026/03/21,21222,information technology (IT) consultant,Information systems specialists,Ontario,Toronto,Toronto Region,26.0,63.0,Hour,Hour,54080.0,131040.0,92560.0,,,,,,mar2026
15346646,2026/03/23,21222,information technology (IT) analyst,Information systems specialists,Ontario,Toronto,Toronto Region,95.0,95.0,Hour,Hour,197600.0,197600.0,197600.0,,,,,,mar2026
15346826,2026/03/23,21222,information technology (IT) analyst,Information systems specialists,Ontario,Ottawa,Ottawa Region,50000.0,60000.0,Year,Year,50000.0,60000.0,55000.0,,,,,,mar2026
15347048,2026/03/17,21222,information technology (IT) analyst,Information systems specialists,Ontario,Toronto,Toronto Region,70000.0,70000.0,Year,Year,70000.0,70000.0,70000.0,,,,,,mar2026
15293706,2026/03/01,21222,information technology (IT) analyst,Information systems specialists,Ontario,Greater Sudbury,Northeast Region,30.0,30.0,Hour,Hour,62400.0,62400.0,62400.0,,,,,,mar2026
15293766,2026/03/01,21222,information technology (IT) analyst,Information systems specialists,Ontario,Greater Sudbury,Northeast Region,90000.0,130000.0,Year,Year,90000.0,130000.0,110000.0,,,,,,mar2026
15293304,2026/03/01,21211,data mining analyst,Data scientists,Ontario,Toronto,Toronto Region,30.0,69.74,Hour,Hour,62400.0,145059.19999999998,103729.59999999999,,,,,,mar2026
15293268,2026/03/01,21211,data scientist,Data scientists,Ontario,Toronto,Toronto Region,30.0,69.74,Hour,Hour,62400.0,145059.19999999998,103729.59999999999,,,,,,mar2026
15303032,2026/03/02,21222,information technology (IT) analyst,Information systems specialists,Ontario,Mississauga,Toronto Region,24.97,24.97,Hour,Hour,51937.6,51937.6,51937.6,,,,,,mar2026
15298135,2026/03/02,21222,information technology (IT) analyst,Information systems specialists,Ontario,Mississauga,Toronto Region,50000.0,50000.0,Year,Year,50000.0,50000.0,50000.0,,,,,,mar2026
15362081,2026/03/29,21222,solutions architect - information technology (IT),Information systems specialists,Ontario,Toronto,Toronto Region,28.85,68.68,Hour,Hour,60008.0,142854.40000000002,101431.20000000001,,,,,,mar2026
15363221,2026/03/28,21222,information technology (IT) analyst,Information systems specialists,Ontario,North Bay,Northeast Region,32.0,32.0,Hour,Hour,66560.0,66560.0,66560.0,,,,,,mar2026
15306668,2026/03/06,21221,business systems analyst,Business systems specialists,Ontario,Toronto,Toronto Region,30.67,62.5,Hour,Hour,63793.600000000006,130000.0,96896.8,,,,,,mar2026
15303085,2026/03/06,21222,information technology (IT) analyst,Information systems specialists,Ontario,Oshawa,Toronto Region,81.58,92.58,Hour,Hour,169686.4,192566.4,181126.4,,,,,,mar2026
15310624,2026/03/07,21211,data modeler,Data scientists,Ontario,Toronto,Toronto Region,95.0,95.0,Hour,Hour,197600.0,197600.0,197600.0,,,,,,mar2026
15296447,2026/03/03,21211,data scientist,Data scientists,Ontario,Toronto,Toronto Region,30.0,69.74,Hour,Hour,62400.0,145059.19999999998,103729.59999999999,,,,,,mar2026
15317144,2026/03/09,21222,information technology (IT) analyst,Information systems specialists,Ontario,Toronto,Toronto Region,46.09,46.09,Hour,Hour,95867.20000000001,95867.20000000001,95867.20000000001,,,,,,mar2026
15317107,2026/03/10,21221,information technology (IT) business analyst,Business systems specialists,Ontario,Toronto,Toronto Region,50.0,60.0,Hour,Hour,104000.0,124800.0,114400.0,,,,,,mar2026
15300594,2026/03/05,21222,information technology (IT) analyst,Information systems specialists,Ontario,Toronto,Toronto Region,101.0,101.0,Day,Day,26260.0,26260.0,26260.0,,,,,,mar2026
15298178,2026/03/03,21222,information technology (IT) analyst,Information systems specialists,Ontario,Ottawa,Ottawa Region,55000.0,60000.0,Year,Year,55000.0,60000.0,57500.0,,,,,,mar2026
15300267,2026/03/05,21211,artificial intelligence (AI) consultant,Data scientists,Ontario,Toronto,Toronto Region,30.0,69.74,Hour,Hour,62400.0,145059.19999999998,103729.59999999999,,,,,,mar2026
15323256,2026/03/12,21211,data scientist,Data scientists,Ontario,Mississauga,Toronto Region,98000.0,150000.0,Year,Year,98000.0,150000.0,124000.0,Bachelor's degree,5 years or more,37.5,37.5,Week,mar2026
15324123,2026/03/12,21222,information technology (IT) analyst,Information systems specialists,Ontario,London,London Region,40.0,60.0,Hour,Hour,83200.0,124800.0,104000.0,,,,,,mar2026
15318590,2026/03/11,21211,machine learning specialist,Data scientists,Ontario,Newmarket,Toronto Region,120000.0,120000.0,Year,Year,120000.0,120000.0,120000.0,Master's degree,2 years to less than 3 years,40.0,40.0,Week,mar2026
15319916,2026/03/12,21221,business systems analyst,Business systems specialists,Ontario,Toronto,Toronto Region,30.67,62.5,Hour,Hour,63793.600000000006,130000.0,96896.8,,,,,,mar2026
15307920,2026/03/06,21222,IT (information technology) consultant,Information systems specialists,Ontario,Ottawa,Ottawa Region,55960.0,63780.0,Year,Year,55960.0,63780.0,59870.0,College/CEGEP,3 years to less than 5 years,37.5,37.5,Week,mar2026
15325845,2026/03/13,21222,computer simulations analyst,Information systems specialists,Ontario,Toronto,Toronto Region,50.0,70.0,Hour,Hour,104000.0,145600.0,124800.0,Earned doctorate degree,5 years or more,37.5,42.0,Week,mar2026
15345220,2026/03/16,21222,computer systems development coordinator,Information systems specialists,Ontario,Waterloo,Kitchener–Waterloo–Barrie Region,26.0,63.0,Hour,Hour,54080.0,131040.0,92560.0,,,,,,mar2026
15345527,2026/03/22,21221,business systems analyst,Business systems specialists,Ontario,Toronto,Toronto Region,30.67,62.5,Hour,Hour,63793.600000000006,130000.0,96896.8,,,,,,mar2026
15352981,2026/03/24,21222,information technology (IT) analyst,Information systems specialists,Ontario,Fort Frances,Northwest Region,30.0,30.0,Hour,Hour,62400.0,62400.0,62400.0,,,,,,mar2026
15353973,2026/03/24,21211,big data analyst,Data scientists,Ontario,Mississauga,Toronto Region,68100.0,76500.0,Year,Year,68100.0,76500.0,72300.0,,,,,,mar2026
15346704,2026/03/23,21222,information technology (IT) analyst,Information systems specialists,Ontario,Toronto,Toronto Region,40.0,40.0,Hour,Hour,83200.0,83200.0,83200.0,,,,,,mar2026
15346815,2026/03/23,21222,information technology (IT) analyst,Information systems specialists,Ontario,Toronto,Toronto Region,95.0,95.0,Hour,Hour,197600.0,197600.0,197600.0,,,,,,mar2026
15346743,2026/03/23,21222,information technology (IT) analyst,Information systems specialists,Ontario,Toronto,Toronto Region,70.0,70.0,Hour,Hour,145600.0,145600.0,145600.0,,,,,,mar2026
15346861,2026/03/23,21222,information technology (IT) analyst,Information systems specialists,Ontario,Toronto,Toronto Region,120.0,120.0,Day,Day,31200.0,31200.0,31200.0,,,,,,mar2026
15346871,2026/03/23,21222,information technology (IT) analyst,Information systems specialists,Ontario,Toronto,Toronto Region,50.0,50.0,Hour,Hour,104000.0,104000.0,104000.0,,,,,,mar2026
15352954,2026/03/23,21222,information technology (IT) analyst,Information systems specialists,Ontario,Oshawa,Toronto Region,90.0,107.54,Hour,Hour,187200.0,223683.2,205441.6,,,,,,mar2026
15347028,2026/03/21,21222,information technology (IT) analyst,Information systems specialists,Ontario,Windsor,Windsor-Sarnia Region,51000.0,60000.0,Year,Year,51000.0,60000.0,55500.0,,,,,,mar2026
15296467,2026/03/03,21211,artificial intelligence (AI) consultant,Data scientists,Ontario,Toronto,Toronto Region,30.0,69.74,Hour,Hour,62400.0,145059.19999999998,103729.59999999999,,,,,,mar2026
15347085,2026/03/23,21222,information technology (IT) analyst,Information systems specialists,Ontario,Toronto,Toronto Region,200.0,200.0,Day,Day,52000.0,52000.0,52000.0,,,,,,mar2026
15347083,2026/03/23,21222,information technology (IT) analyst,Information systems specialists,Ontario,Toronto,Toronto Region,70.0,70.0,Hour,Hour,145600.0,145600.0,145600.0,,,,,,mar2026
15335140,2026/03/11,21222,IT (information technology) consultant,Information systems specialists,Ontario,Toronto,Toronto Region,26.0,63.0,Hour,Hour,54080.0,131040.0,92560.0,,,,,,mar2026
15346886,2026/03/19,21222,information technology (IT) analyst,Information systems specialists,Ontario,Milton,Toronto Region,65000.0,80000.0,Year,Year,65000.0,80000.0,72500.0,,,,,,mar2026
15346840,2026/03/23,21222,information technology (IT) analyst,Information systems specialists,Ontario,Toronto,Toronto Region,35.0,35.0,Hour,Hour,72800.0,72800.0,72800.0,,,,,,mar2026
15363285,2026/03/26,21222,information technology (IT) analyst,Information systems specialists,Ontario,Toronto,Toronto Region,47000.0,47000.0,Year,Year,47000.0,47000.0,47000.0,,,,,,mar2026
15346895,2026/03/23,21222,information technology (IT) analyst,Information systems specialists,Ontario,Toronto,Toronto Region,60.0,60.0,Hour,Hour,124800.0,124800.0,124800.0,,,,,,mar2026
15319895,2026/03/12,21221,business systems analyst,Business systems specialists,Ontario,Toronto,Toronto Region,30.67,62.5,Hour,Hour,63793.600000000006,130000.0,96896.8,,,,,,mar2026
15355412,2026/03/26,21222,systems analyst,Information systems specialists,Ontario,Toronto,Toronto Region,28.85,68.68,Hour,Hour,60008.0,142854.40000000002,101431.20000000001,,,,,,mar2026
15346947,2026/03/23,21222,information technology (IT) analyst,Information systems specialists,Ontario,Toronto,Toronto Region,70.0,70.0,Hour,Hour,145600.0,145600.0,145600.0,,,,,,mar2026
15294158,2026/03/02,21223,data analyst - informatics and systems,Database analysts and data administrators,Ontario,Toronto,Toronto Region,25.0,61.03,Hour,Hour,52000.0,126942.40000000001,89471.20000000001,,,,,,mar2026
15294290,2026/03/02,21211,data scientist,Data scientists,Ontario,Toronto,Toronto Region,30.0,69.74,Hour,Hour,62400.0,145059.19999999998,103729.59999999999,,,,,,mar2026
15365833,2026/03/31,21211,data scientist,Data scientists,Ontario,Toronto,Toronto Region,30.0,69.74,Hour,Hour,62400.0,145059.19999999998,103729.59999999999,,,,,,mar2026
15362072,2026/03/29,21221,business systems analyst,Business systems specialists,Ontario,Toronto,Toronto Region,30.67,62.5,Hour,Hour,63793.600000000006,130000.0,96896.8,,,,,,mar2026
15362039,2026/03/29,21221,business systems analyst,Business systems specialists,Ontario,Toronto,Toronto Region,30.67,62.5,Hour,Hour,63793.600000000006,130000.0,96896.8,,,,,,mar2026
15366915,2026/03/31,21223,database analyst,Database analysts and data administrators,Ontario,Markham,Toronto Region,44.47,44.47,Hour,Hour,92497.59999999999,92497.59999999999,92497.59999999999,Bachelor's degree,1 year to less than 2 years,40.0,40.0,Week,mar2026
15309123,2026/03/07,21221,business continuity analyst,Business systems specialists,Ontario,Mississauga,Toronto Region,30.67,62.5,Hour,Hour,63793.600000000006,130000.0,96896.8,,,,,,mar2026
15315126,2026/03/10,21222,"analyst, systems",Information systems specialists,Ontario,Mississauga,Toronto Region,28.85,68.68,Hour,Hour,60008.0,142854.40000000002,101431.20000000001,,,,,,mar2026
15367810,2026/03/31,21221,business systems analyst,Business systems specialists,Ontario,Toronto,Toronto Region,30.67,62.5,Hour,Hour,63793.600000000006,130000.0,96896.8,,,,,,mar2026
15311325,2026/03/09,21222,systems analyst,Information systems specialists,Ontario,Toronto,Toronto Region,28.85,68.68,Hour,Hour,60008.0,142854.40000000002,101431.20000000001,,,,,,mar2026
15310282,2026/03/05,21222,software quality assurance (QA) analyst,Information systems specialists,Ontario,Toronto,Toronto Region,26.0,63.0,Hour,Hour,54080.0,131040.0,92560.0,,,,,,mar2026
15316749,2026/03/11,21221,business systems analyst,Business systems specialists,Ontario,North York,Toronto Region,90000.0,90000.0,Year,Year,90000.0,90000.0,90000.0,,,,,,mar2026
15316826,2026/03/05,21211,data mining analyst,Data scientists,Ontario,Toronto,Toronto Region,26.0,78.0,Hour,Hour,54080.0,162240.0,108160.0,,,,,,mar2026
15328717,2026/03/13,21222,information technology (IT) analyst,Information systems specialists,Ontario,Ingersoll,London Region,22.0,22.0,Hour,Hour,45760.0,45760.0,45760.0,,,,,,mar2026
15332073,2026/03/16,21222,information technology (IT) analyst,Information systems specialists,Ontario,Kingston,Kingston–Pembroke Region,90000.0,115000.0,Year,Year,90000.0,115000.0,102500.0,,,,,,mar2026
15323259,2026/03/13,21223,data analyst - informatics and systems,Database analysts and data administrators,Ontario,Mississauga,Toronto Region,43.96,43.96,Hour,Hour,91436.8,91436.8,91436.8,Bachelor's degree,2 years to less than 3 years,37.5,37.5,Week,mar2026
15321336,2026/03/12,21222,"analyst, systems",Information systems specialists,Ontario,Toronto,Toronto Region,28.85,68.68,Hour,Hour,60008.0,142854.40000000002,101431.20000000001,,,,,,mar2026
15323148,2026/03/12,21221,business systems analyst,Business systems specialists,Ontario,Toronto,Toronto Region,30.67,62.5,Hour,Hour,63793.600000000006,130000.0,96896.8,,,,,,mar2026
15328429,2026/03/16,21221,business systems analyst,Business systems specialists,Ontario,Toronto,Toronto Region,30.67,62.5,Hour,Hour,63793.600000000006,130000.0,96896.8,,,,,,mar2026
15296773,2026/03/03,21211,data scientist,Data scientists,Ontario,Toronto,Toronto Region,30.0,69.74,Hour,Hour,62400.0,145059.19999999998,103729.59999999999,,,,,,mar2026
15327745,2026/03/15,21221,business systems analyst,Business systems specialists,Ontario,Toronto,Toronto Region,30.67,62.5,Hour,Hour,63793.600000000006,130000.0,96896.8,,,,,,mar2026
15327756,2026/03/15,21211,data mining analyst,Data scientists,Ontario,Toronto,Toronto Region,30.0,69.74,Hour,Hour,62400.0,145059.19999999998,103729.59999999999,,,,,,mar2026
15327766,2026/03/15,21221,business systems analyst,Business systems specialists,Ontario,Toronto,Toronto Region,30.67,62.5,Hour,Hour,63793.600000000006,130000.0,96896.8,,,,,,mar2026
15349736,2026/03/24,21211,data scientist,Data scientists,Ontario,Toronto,Toronto Region,30.0,69.74,Hour,Hour,62400.0,145059.19999999998,103729.59999999999,,,,,,mar2026
15352871,2026/03/24,21222,information technology (IT) analyst,Information systems specialists,Ontario,Toronto,Toronto Region,65.0,65.0,Hour,Hour,135200.0,135200.0,135200.0,,,,,,mar2026
15353005,2026/03/24,21222,information technology (IT) analyst,Information systems specialists,Ontario,Toronto,Toronto Region,25.0,25.0,Hour,Hour,52000.0,52000.0,52000.0,,,,,,mar2026
15346996,2026/03/23,21222,information technology (IT) analyst,Information systems specialists,Ontario,Toronto,Toronto Region,120.0,120.0,Day,Day,31200.0,31200.0,31200.0,,,,,,mar2026
15346753,2026/03/23,21222,information technology (IT) analyst,Information systems specialists,Ontario,Toronto,Toronto Region,73.0,73.0,Hour,Hour,151840.0,151840.0,151840.0,,,,,,mar2026
15346695,2026/03/23,21222,information technology (IT) analyst,Information systems specialists,Ontario,Toronto,Toronto Region,85.0,85.0,Hour,Hour,176800.0,176800.0,176800.0,,,,,,mar2026
15297827,2026/03/04,21211,data mining analyst,Data scientists,Ontario,Toronto,Toronto Region,30.0,69.74,Hour,Hour,62400.0,145059.19999999998,103729.59999999999,,,,,,mar2026
15346816,2026/03/23,21222,information technology (IT) analyst,Information systems specialists,Ontario,Toronto,Toronto Region,180.0,180.0,Day,Day,46800.0,46800.0,46800.0,,,,,,mar2026
15346757,2026/03/23,21222,information technology (IT) analyst,Information systems specialists,Ontario,Toronto,Toronto Region,60.0,60.0,Hour,Hour,124800.0,124800.0,124800.0,,,,,,mar2026
15346698,2026/03/23,21222,information technology (IT) analyst,Information systems specialists,Ontario,Toronto,Toronto Region,35.0,35.0,Hour,Hour,72800.0,72800.0,72800.0,,,,,,mar2026
15363281,2026/03/27,21222,information technology (IT) analyst,Information systems specialists,Ontario,Toronto,Toronto Region,50.0,50.0,Hour,Hour,104000.0,104000.0,104000.0,,,,,,mar2026
15326632,2026/03/14,21211,data scientist,Data scientists,Ontario,Toronto,Toronto Region,30.0,69.74,Hour,Hour,62400.0,145059.19999999998,103729.59999999999,,,,,,mar2026
15326638,2026/03/14,21221,business systems analyst,Business systems specialists,Ontario,Toronto,Toronto Region,30.67,62.5,Hour,Hour,63793.600000000006,130000.0,96896.8,,,,,,mar2026
15300590,2026/03/04,21222,information technology (IT) analyst,Information systems specialists,Ontario,Toronto,Toronto Region,20.25,20.25,Hour,Hour,42120.0,42120.0,42120.0,,,,,,mar2026
15346993,2026/03/23,21222,information technology (IT) analyst,Information systems specialists,Ontario,Toronto,Toronto Region,70.0,70.0,Hour,Hour,145600.0,145600.0,145600.0,,,,,,mar2026
15346865,2026/03/23,21222,information technology (IT) analyst,Information systems specialists,Ontario,Toronto,Toronto Region,60.0,60.0,Hour,Hour,124800.0,124800.0,124800.0,,,,,,mar2026
15346672,2026/03/23,21222,information technology (IT) analyst,Information systems specialists,Ontario,Toronto,Toronto Region,180.0,180.0,Day,Day,46800.0,46800.0,46800.0,,,,,,mar2026
15347053,2026/03/23,21222,information technology (IT) analyst,Information systems specialists,Ontario,Toronto,Toronto Region,60.0,60.0,Hour,Hour,124800.0,124800.0,124800.0,,,,,,mar2026
15347060,2026/03/23,21222,information technology (IT) analyst,Information systems specialists,Ontario,Toronto,Toronto Region,45.0,45.0,Hour,Hour,93600.0,93600.0,93600.0,,,,,,mar2026
15347059,2026/03/23,21222,information technology (IT) analyst,Information systems specialists,Ontario,Toronto,Toronto Region,35.0,35.0,Hour,Hour,72800.0,72800.0,72800.0,,,,,,mar2026
15352998,2026/03/23,21222,information technology (IT) analyst,Information systems specialists,Ontario,Toronto,Toronto Region,30000.0,30000.0,Year,Year,30000.0,30000.0,30000.0,,,,,,mar2026
15363205,2026/03/27,21222,information technology (IT) analyst,Information systems specialists,Ontario,Toronto,Toronto Region,82000.0,82000.0,Year,Year,82000.0,82000.0,82000.0,,,,,,mar2026
15345496,2026/03/22,21223,data analyst - informatics and systems,Database analysts and data administrators,Ontario,Toronto,Toronto Region,25.0,61.03,Hour,Hour,52000.0,126942.40000000001,89471.20000000001,,,,,,mar2026
15346869,2026/03/23,21222,information technology (IT) analyst,Information systems specialists,Ontario,Toronto,Toronto Region,73.0,73.0,Hour,Hour,151840.0,151840.0,151840.0,,,,,,mar2026
15346957,2026/03/23,21222,information technology (IT) analyst,Information systems specialists,Ontario,Toronto,Toronto Region,160.0,160.0,Day,Day,41600.0,41600.0,41600.0,,,,,,mar2026
15302612,2026/03/05,21221,IT (information technology) business analyst,Business systems specialists,Ontario,Mississauga,Toronto Region,27.0,62.0,Hour,Hour,56160.0,128960.0,92560.0,,,,,,mar2026
15345420,2026/03/21,21223,database administrator (DBA),Database analysts and data administrators,Ontario,Toronto,Toronto Region,25.0,61.03,Hour,Hour,52000.0,126942.40000000001,89471.20000000001,,,,,,mar2026
15328820,2026/03/13,21222,information technology (IT) analyst,Information systems specialists,Ontario,Toronto,Toronto Region,65600.0,65600.0,Year,Year,65600.0,65600.0,65600.0,,,,,,mar2026
15346711,2026/03/23,21222,information technology (IT) analyst,Information systems specialists,Ontario,Toronto,Toronto Region,73.0,73.0,Hour,Hour,151840.0,151840.0,151840.0,,,,,,mar2026
15342389,2026/03/20,21211,data analytics specialist,Data scientists,Ontario,Cambridge,Kitchener–Waterloo–Barrie Region,25.0,35.0,Hour,Hour,52000.0,72800.0,62400.0,Bachelor's degree,2 years to less than 3 years,35.0,35.0,Week,mar2026
15335458,2026/03/18,21222,information technology (IT) analyst,Information systems specialists,Ontario,North Augusta,Ottawa Region,30.0,48.0,Hour,Hour,62400.0,99840.0,81120.0,,,,,,mar2026
